lat,lon,satelite,data
   9.580130, -61.822400,AQUA_M-T,2026-03-27 19:30:00
   9.575040, -63.150650,AQUA_M-T,2026-03-27 19:30:00
   9.572170, -61.810700,AQUA_M-T,2026-03-27 19:30:00
   9.549000, -61.838940,AQUA_M-T,2026-03-27 19:30:00
   9.511130, -63.280280,AQUA_M-T,2026-03-27 19:30:00
  10.626010, -62.388920,AQUA_M-T,2026-03-27 19:30:00
  10.604720, -62.799870,AQUA_M-T,2026-03-27 19:30:00
  10.567300, -62.471290,AQUA_M-T,2026-03-27 19:30:00
  10.320970, -63.037600,AQUA_M-T,2026-03-27 19:30:00
  10.278760, -63.012610,AQUA_M-T,2026-03-27 19:30:00
   9.346110, -63.206450,AQUA_M-T,2026-03-27 19:30:00
   9.995530, -63.503650,AQUA_M-T,2026-03-27 19:30:00
   9.994240, -63.512570,AQUA_M-T,2026-03-27 19:30:00
   9.973790, -63.278240,AQUA_M-T,2026-03-27 19:30:00
   9.972480, -63.287390,AQUA_M-T,2026-03-27 19:30:00
   9.512430, -63.271240,AQUA_M-T,2026-03-27 19:30:00
   9.685000, -63.033060,AQUA_M-T,2026-03-27 19:30:00
   9.596890, -61.772020,AQUA_M-T,2026-03-27 19:30:00
   9.595420, -61.782380,AQUA_M-T,2026-03-27 19:30:00
   9.593950, -61.792740,AQUA_M-T,2026-03-27 19:30:00
   9.592490, -61.803070,AQUA_M-T,2026-03-27 19:30:00
   9.591020, -61.813420,AQUA_M-T,2026-03-27 19:30:00
   9.585980, -61.781020,AQUA_M-T,2026-03-27 19:30:00
   9.584520, -61.791370,AQUA_M-T,2026-03-27 19:30:00
   9.583060, -61.801720,AQUA_M-T,2026-03-27 19:30:00
   9.890370, -64.788120,AQUA_M-T,2026-03-27 19:30:00
   9.889060, -64.796980,AQUA_M-T,2026-03-27 19:30:00
   9.854910, -63.521800,AQUA_M-T,2026-03-27 19:30:00
   9.853620, -63.530780,AQUA_M-T,2026-03-27 19:30:00
   9.844810, -63.529450,AQUA_M-T,2026-03-27 19:30:00
   9.794330, -63.940200,AQUA_M-T,2026-03-27 19:30:00
   9.788700, -63.469530,AQUA_M-T,2026-03-27 19:30:00
   9.753210, -63.528280,AQUA_M-T,2026-03-27 19:30:00
   9.644200, -63.315810,AQUA_M-T,2026-03-27 19:30:00
   9.642890, -63.324860,AQUA_M-T,2026-03-27 19:30:00
   9.641590, -63.333890,AQUA_M-T,2026-03-27 19:30:00
   9.547710, -64.101510,AQUA_M-T,2026-03-27 19:30:00
   9.530520, -64.035880,AQUA_M-T,2026-03-27 19:30:00
   9.521780, -64.034550,AQUA_M-T,2026-03-27 19:30:00
   9.513040, -64.033230,AQUA_M-T,2026-03-27 19:30:00
   9.509360, -63.418080,AQUA_M-T,2026-03-27 19:30:00
   9.508060, -63.427060,AQUA_M-T,2026-03-27 19:30:00
   9.456180, -63.846680,AQUA_M-T,2026-03-27 19:30:00
  10.510930, -63.460000,AQUA_M-T,2026-03-27 19:30:00
  10.475260, -63.438970,AQUA_M-T,2026-03-27 19:30:00
  10.473940, -63.448060,AQUA_M-T,2026-03-27 19:30:00
  10.450950, -63.481970,AQUA_M-T,2026-03-27 19:30:00
  10.421550, -63.560630,AQUA_M-T,2026-03-27 19:30:00
  10.342370, -64.168210,AQUA_M-T,2026-03-27 19:30:00
  10.341080, -64.177050,AQUA_M-T,2026-03-27 19:30:00
  10.339790, -64.185870,AQUA_M-T,2026-03-27 19:30:00
  10.338500, -64.194700,AQUA_M-T,2026-03-27 19:30:00
  10.332330, -64.175740,AQUA_M-T,2026-03-27 19:30:00
  10.331040, -64.184580,AQUA_M-T,2026-03-27 19:30:00
  10.266390, -64.382360,AQUA_M-T,2026-03-27 19:30:00
  10.199300, -64.213230,AQUA_M-T,2026-03-27 19:30:00
  10.198010, -64.222060,AQUA_M-T,2026-03-27 19:30:00
  10.190930, -64.392170,AQUA_M-T,2026-03-27 19:30:00
  10.168890, -64.542040,AQUA_M-T,2026-03-27 19:30:00
  10.167590, -64.550870,AQUA_M-T,2026-03-27 19:30:00
  10.162340, -64.318140,AQUA_M-T,2026-03-27 19:30:00
  10.161050, -64.326960,AQUA_M-T,2026-03-27 19:30:00
  10.149050, -63.594820,AQUA_M-T,2026-03-27 19:30:00
  10.109290, -64.436230,AQUA_M-T,2026-03-27 19:30:00
  10.108000, -64.445050,AQUA_M-T,2026-03-27 19:30:00
  10.101150, -64.552350,AQUA_M-T,2026-03-27 19:30:00
  10.099850, -64.561190,AQUA_M-T,2026-03-27 19:30:00
  10.088890, -64.514280,AQUA_M-T,2026-03-27 19:30:00
  10.087580, -64.523120,AQUA_M-T,2026-03-27 19:30:00
  10.086280, -64.531960,AQUA_M-T,2026-03-27 19:30:00
  10.004330, -63.505050,AQUA_M-T,2026-03-27 19:30:00
  10.003050, -63.513950,AQUA_M-T,2026-03-27 19:30:00
   9.452000, -64.887390,AQUA_M-T,2026-03-27 19:30:00
   9.412630, -64.594370,AQUA_M-T,2026-03-27 19:30:00
   9.117570, -63.572110,AQUA_M-T,2026-03-27 19:30:00
   9.108790, -63.570780,AQUA_M-T,2026-03-27 19:30:00
   9.107510, -63.579660,AQUA_M-T,2026-03-27 19:30:00
   9.048620, -63.923010,AQUA_M-T,2026-03-27 19:30:00
   8.752740, -64.978210,AQUA_M-T,2026-03-27 19:28:00
   7.506560, -64.775650,AQUA_M-T,2026-03-27 19:28:00
   7.452120, -64.776510,AQUA_M-T,2026-03-27 19:28:00
   7.403350, -64.790950,AQUA_M-T,2026-03-27 19:28:00
   7.252710, -64.752380,AQUA_M-T,2026-03-27 19:28:00
   7.178970, -64.995560,AQUA_M-T,2026-03-27 19:28:00
   7.157620, -64.833870,AQUA_M-T,2026-03-27 19:28:00
   7.156260, -64.842950,AQUA_M-T,2026-03-27 19:28:00
   7.071130, -64.972630,AQUA_M-T,2026-03-27 19:28:00
   7.859040, -64.588550,AQUA_M-T,2026-03-27 19:28:00
   7.633630, -64.545300,AQUA_M-T,2026-03-27 19:28:00
   7.591830, -64.584410,AQUA_M-T,2026-03-27 19:28:00
   7.553870, -64.273370,AQUA_M-T,2026-03-27 19:28:00
   7.505230, -64.784630,AQUA_M-T,2026-03-27 19:28:00
   7.386430, -64.843860,AQUA_M-T,2026-03-27 19:28:00
   7.385090, -64.852890,AQUA_M-T,2026-03-27 19:28:00
   7.270990, -64.690800,AQUA_M-T,2026-03-27 19:28:00
 -26.051180, -54.043730,AQUA_M-T,2026-03-27 19:19:00
 -31.698790, -55.379440,AQUA_M-T,2026-03-27 19:17:00
 -32.561990, -55.221940,AQUA_M-T,2026-03-27 19:17:00
 -24.455640, -54.658920,AQUA_M-T,2026-03-27 19:19:00
 -26.439870, -54.863020,AQUA_M-T,2026-03-27 19:19:00
 -25.545820, -55.119020,AQUA_M-T,2026-03-27 19:19:00
 -27.618700, -55.624650,AQUA_M-T,2026-03-27 19:17:00
 -27.617220, -55.614770,AQUA_M-T,2026-03-27 19:17:00
 -28.310590, -56.002420,AQUA_M-T,2026-03-27 19:17:00
 -31.523730, -55.769170,AQUA_M-T,2026-03-27 19:17:00
 -22.958980, -56.091210,AQUA_M-T,2026-03-27 19:19:00
 -24.498460, -56.302170,AQUA_M-T,2026-03-27 19:19:00
 -24.233450, -55.714400,AQUA_M-T,2026-03-27 19:19:00
 -26.542890, -56.333720,AQUA_M-T,2026-03-27 19:19:00
 -26.617220, -56.724220,AQUA_M-T,2026-03-27 19:19:00
 -26.615410, -56.775300,AQUA_M-T,2026-03-27 19:19:00
 -26.608370, -56.725810,AQUA_M-T,2026-03-27 19:19:00
 -26.606560, -56.776890,AQUA_M-T,2026-03-27 19:19:00
 -26.605150, -56.766980,AQUA_M-T,2026-03-27 19:19:00
 -26.600930, -56.737290,AQUA_M-T,2026-03-27 19:19:00
 -26.599530, -56.727390,AQUA_M-T,2026-03-27 19:19:00
 -26.597710, -56.778470,AQUA_M-T,2026-03-27 19:19:00
 -26.593930, -56.117450,AQUA_M-T,2026-03-27 19:19:00
 -26.592490, -56.107650,AQUA_M-T,2026-03-27 19:19:00
 -26.558090, -56.832710,AQUA_M-T,2026-03-27 19:19:00
 -26.551700, -56.332120,AQUA_M-T,2026-03-27 19:19:00
 -26.549230, -56.834290,AQUA_M-T,2026-03-27 19:19:00
 -26.534740, -56.796240,AQUA_M-T,2026-03-27 19:19:00
 -26.534080, -56.335330,AQUA_M-T,2026-03-27 19:19:00
 -26.445870, -56.625570,AQUA_M-T,2026-03-27 19:19:00
 -25.535110, -56.519940,AQUA_M-T,2026-03-27 19:19:00
 -25.533690, -56.510230,AQUA_M-T,2026-03-27 19:19:00
 -28.032470, -56.572120,AQUA_M-T,2026-03-27 19:17:00
 -27.626470, -57.154620,AQUA_M-T,2026-03-27 19:17:00
 -27.625050, -57.144340,AQUA_M-T,2026-03-27 19:17:00
 -27.325970, -56.649710,AQUA_M-T,2026-03-27 19:19:00
 -27.262470, -57.054860,AQUA_M-T,2026-03-27 19:19:00
 -27.254180, -56.669280,AQUA_M-T,2026-03-27 19:19:00
 -27.246730, -56.680860,AQUA_M-T,2026-03-27 19:19:00
 -27.072240, -56.307610,AQUA_M-T,2026-03-27 19:19:00
 -26.968800, -56.667070,AQUA_M-T,2026-03-27 19:19:00
 -26.898530, -57.351670,AQUA_M-T,2026-03-27 19:19:00
 -26.852290, -56.761350,AQUA_M-T,2026-03-27 19:19:00
 -26.847270, -56.340890,AQUA_M-T,2026-03-27 19:19:00
 -26.838460, -56.342500,AQUA_M-T,2026-03-27 19:19:00
 -26.837030, -56.332660,AQUA_M-T,2026-03-27 19:19:00
 -29.361930, -57.197100,AQUA_M-T,2026-03-27 19:17:00
 -29.360490, -57.186310,AQUA_M-T,2026-03-27 19:17:00
 -29.000310, -57.384570,AQUA_M-T,2026-03-27 19:17:00
 -28.991160, -57.386160,AQUA_M-T,2026-03-27 19:17:00
 -28.511420, -56.894310,AQUA_M-T,2026-03-27 19:17:00
 -28.502450, -56.895910,AQUA_M-T,2026-03-27 19:17:00
 -28.501020, -56.885570,AQUA_M-T,2026-03-27 19:17:00
 -28.407980, -56.750690,AQUA_M-T,2026-03-27 19:17:00
 -28.396860, -56.606180,AQUA_M-T,2026-03-27 19:17:00
 -28.244190, -56.691720,AQUA_M-T,2026-03-27 19:17:00
 -28.242780, -56.681530,AQUA_M-T,2026-03-27 19:17:00
 -28.241360, -56.671360,AQUA_M-T,2026-03-27 19:17:00
 -28.233400, -56.689720,AQUA_M-T,2026-03-27 19:17:00
 -28.231970, -56.679540,AQUA_M-T,2026-03-27 19:17:00
 -28.230540, -56.669370,AQUA_M-T,2026-03-27 19:17:00
 -28.227670, -56.649040,AQUA_M-T,2026-03-27 19:17:00
 -28.226240, -56.638890,AQUA_M-T,2026-03-27 19:17:00
 -30.606700, -57.161480,AQUA_M-T,2026-03-27 19:17:00
 -30.605250, -57.150310,AQUA_M-T,2026-03-27 19:17:00
 -31.667220, -58.664530,AQUA_M-T,2026-03-27 19:17:00
 -22.431720, -56.509300,AQUA_M-T,2026-03-27 19:19:00
 -23.144080, -56.642890,AQUA_M-T,2026-03-27 19:19:00
 -22.891770, -57.242630,AQUA_M-T,2026-03-27 19:19:00
 -24.170920, -57.220680,AQUA_M-T,2026-03-27 19:19:00
 -26.569660, -58.046620,AQUA_M-T,2026-03-27 19:19:00
 -26.568220, -58.035980,AQUA_M-T,2026-03-27 19:19:00
 -26.343310, -58.009930,AQUA_M-T,2026-03-27 19:19:00
 -26.335590, -58.022020,AQUA_M-T,2026-03-27 19:19:00
 -25.844590, -57.994820,AQUA_M-T,2026-03-27 19:19:00
 -27.009200, -57.559170,AQUA_M-T,2026-03-27 19:19:00
 -26.882190, -57.501770,AQUA_M-T,2026-03-27 19:19:00
 -26.880790, -57.491440,AQUA_M-T,2026-03-27 19:19:00
 -26.872360, -57.499460,AQUA_M-T,2026-03-27 19:19:00
 -26.870930, -57.489150,AQUA_M-T,2026-03-27 19:19:00
 -30.548450, -59.551990,AQUA_M-T,2026-03-27 19:17:00
 -30.381090, -59.500400,AQUA_M-T,2026-03-27 19:17:00
 -29.620180, -58.816250,AQUA_M-T,2026-03-27 19:17:00
 -21.605310, -58.054880,AQUA_M-T,2026-03-27 19:19:00
 -26.580480, -59.199770,AQUA_M-T,2026-03-27 19:19:00
 -26.489760, -58.979560,AQUA_M-T,2026-03-27 19:19:00
 -26.488260, -58.967910,AQUA_M-T,2026-03-27 19:19:00
 -26.325080, -59.689710,AQUA_M-T,2026-03-27 19:19:00
 -26.062660, -59.148380,AQUA_M-T,2026-03-27 19:19:00
 -26.061160, -59.136690,AQUA_M-T,2026-03-27 19:19:00
 -28.174300, -59.410450,AQUA_M-T,2026-03-27 19:17:00
 -30.488170, -60.028360,AQUA_M-T,2026-03-27 19:17:00
 -30.483330, -60.020050,AQUA_M-T,2026-03-27 19:17:00
 -24.150450, -60.226410,AQUA_M-T,2026-03-27 19:19:00
 -27.917460, -61.477300,AQUA_M-T,2026-03-27 19:19:00
 -28.768990, -61.740870,AQUA_M-T,2026-03-27 19:17:00
 -28.762580, -61.736660,AQUA_M-T,2026-03-27 19:17:00
 -28.641500, -61.550200,AQUA_M-T,2026-03-27 19:17:00
 -29.859590, -62.488350,AQUA_M-T,2026-03-27 19:17:00
 -19.995440, -61.474300,AQUA_M-T,2026-03-27 19:19:00
 -19.916540, -60.632080,AQUA_M-T,2026-03-27 19:19:00
 -20.005640, -61.472840,AQUA_M-T,2026-03-27 19:19:00
 -20.004030, -61.460140,AQUA_M-T,2026-03-27 19:19:00
 -19.993830, -61.461620,AQUA_M-T,2026-03-27 19:19:00
 -21.978010, -61.110980,AQUA_M-T,2026-03-27 19:19:00
 -21.969370, -61.125480,AQUA_M-T,2026-03-27 19:19:00
 -21.967750, -61.112460,AQUA_M-T,2026-03-27 19:19:00
 -27.222350, -62.217880,AQUA_M-T,2026-03-27 19:19:00
   3.569710, -59.284240,AQUA_M-T,2026-03-27 19:28:00
   3.549020, -59.355350,AQUA_M-T,2026-03-27 19:28:00
   2.444870, -59.479830,AQUA_M-T,2026-03-27 19:28:00
   9.580300, -61.544140,AQUA_M-T,2026-03-27 19:30:00
   9.634970, -65.821260,AQUA_M-T,2026-03-27 19:30:00
   9.630280, -65.415840,AQUA_M-T,2026-03-27 19:30:00
   9.600210, -65.373830,AQUA_M-T,2026-03-27 19:30:00
   9.598840, -65.382960,AQUA_M-T,2026-03-27 19:30:00
   9.591330, -65.372470,AQUA_M-T,2026-03-27 19:30:00
   9.366360, -65.456450,AQUA_M-T,2026-03-27 19:30:00
   9.694780, -65.062340,AQUA_M-T,2026-03-27 19:30:00
   9.693440, -65.071300,AQUA_M-T,2026-03-27 19:30:00
   9.671260, -65.079700,AQUA_M-T,2026-03-27 19:30:00
   9.669930, -65.088690,AQUA_M-T,2026-03-27 19:30:00
   9.524100, -65.207930,AQUA_M-T,2026-03-27 19:30:00
   9.985540, -66.247030,AQUA_M-T,2026-03-27 19:30:00
   9.964140, -66.090390,AQUA_M-T,2026-03-27 19:30:00
   9.962710, -66.099860,AQUA_M-T,2026-03-27 19:30:00
   9.911820, -65.700300,AQUA_M-T,2026-03-27 19:30:00
   9.910470, -65.709270,AQUA_M-T,2026-03-27 19:30:00
   9.903370, -65.938710,AQUA_M-T,2026-03-27 19:30:00
   9.901490, -65.708030,AQUA_M-T,2026-03-27 19:30:00
   9.898010, -66.278500,AQUA_M-T,2026-03-27 19:30:00
   9.882050, -65.529910,AQUA_M-T,2026-03-27 19:30:00
   9.864340, -65.952210,AQUA_M-T,2026-03-27 19:30:00
   9.837040, -66.252820,AQUA_M-T,2026-03-27 19:30:00
   9.812360, -66.055470,AQUA_M-T,2026-03-27 19:30:00
   9.810490, -65.641350,AQUA_M-T,2026-03-27 19:30:00
   9.809080, -65.650610,AQUA_M-T,2026-03-27 19:30:00
   9.801840, -66.063580,AQUA_M-T,2026-03-27 19:30:00
   9.794190, -66.052700,AQUA_M-T,2026-03-27 19:30:00
   9.792750, -66.062210,AQUA_M-T,2026-03-27 19:30:00
   9.783650, -66.060840,AQUA_M-T,2026-03-27 19:30:00
   9.782200, -66.070410,AQUA_M-T,2026-03-27 19:30:00
   9.777680, -65.544720,AQUA_M-T,2026-03-27 19:30:00
   9.751240, -66.273900,AQUA_M-T,2026-03-27 19:30:00
  10.545320, -66.157590,AQUA_M-T,2026-03-27 19:30:00
  10.042790, -66.178200,AQUA_M-T,2026-03-27 19:30:00
  10.018920, -66.273410,AQUA_M-T,2026-03-27 19:30:00
  10.017460, -66.283000,AQUA_M-T,2026-03-27 19:30:00
   9.364970, -65.465640,AQUA_M-T,2026-03-27 19:30:00
   9.328010, -66.136320,AQUA_M-T,2026-03-27 19:30:00
   9.326540, -66.146070,AQUA_M-T,2026-03-27 19:30:00
   9.025040, -66.411520,AQUA_M-T,2026-03-27 19:30:00
   8.855330, -66.022300,AQUA_M-T,2026-03-27 19:30:00
   8.830460, -66.472530,AQUA_M-T,2026-03-27 19:30:00
   8.813240, -66.360340,AQUA_M-T,2026-03-27 19:30:00
   8.803920, -66.358890,AQUA_M-T,2026-03-27 19:30:00
   8.802380, -66.368970,AQUA_M-T,2026-03-27 19:30:00
   8.800830, -66.379060,AQUA_M-T,2026-03-27 19:30:00
   8.419360, -65.479790,AQUA_M-T,2026-03-27 19:28:00
   9.101370, -65.120890,AQUA_M-T,2026-03-27 19:30:00
   8.020920, -65.547500,AQUA_M-T,2026-03-27 19:28:00
   8.019500, -65.556930,AQUA_M-T,2026-03-27 19:28:00
   7.837340, -65.662690,AQUA_M-T,2026-03-27 19:28:00
   7.551280, -65.774020,AQUA_M-T,2026-03-27 19:28:00
   7.497560, -66.183430,AQUA_M-T,2026-03-27 19:28:00
   7.495120, -66.852820,AQUA_M-T,2026-03-27 19:28:00
   7.427860, -66.568280,AQUA_M-T,2026-03-27 19:28:00
   7.422900, -66.571980,AQUA_M-T,2026-03-27 19:28:00
   7.408470, -65.620890,AQUA_M-T,2026-03-27 19:28:00
   7.272820, -65.480080,AQUA_M-T,2026-03-27 19:28:00
   7.271370, -65.489650,AQUA_M-T,2026-03-27 19:28:00
   7.255250, -65.890340,AQUA_M-T,2026-03-27 19:28:00
   7.249640, -65.883880,AQUA_M-T,2026-03-27 19:28:00
   7.248160, -65.893800,AQUA_M-T,2026-03-27 19:28:00
   7.246500, -66.864610,AQUA_M-T,2026-03-27 19:28:00
   7.208690, -66.093010,AQUA_M-T,2026-03-27 19:28:00
   7.108070, -65.644760,AQUA_M-T,2026-03-27 19:28:00
   7.101560, -65.638190,AQUA_M-T,2026-03-27 19:28:00
   7.078430, -65.604900,AQUA_M-T,2026-03-27 19:28:00
   6.609670, -66.664380,AQUA_M-T,2026-03-27 19:28:00
   6.480930, -65.951870,AQUA_M-T,2026-03-27 19:28:00
   6.463710, -66.606690,AQUA_M-T,2026-03-27 19:28:00
   5.250380, -66.012280,AQUA_M-T,2026-03-27 19:28:00
   9.639820, -67.271350,AQUA_M-T,2026-03-27 19:30:00
   9.596800, -66.801010,AQUA_M-T,2026-03-27 19:30:00
   9.547780, -67.120840,AQUA_M-T,2026-03-27 19:30:00
   9.475790, -67.075880,AQUA_M-T,2026-03-27 19:30:00
   9.473510, -67.070180,AQUA_M-T,2026-03-27 19:30:00
   9.365940, -66.784410,AQUA_M-T,2026-03-27 19:30:00
   9.364310, -66.794870,AQUA_M-T,2026-03-27 19:30:00
   9.338720, -66.490140,AQUA_M-T,2026-03-27 19:30:00
   9.965600, -66.808270,AQUA_M-T,2026-03-27 19:30:00
   9.959390, -67.072300,AQUA_M-T,2026-03-27 19:30:00
   9.933490, -67.750540,AQUA_M-T,2026-03-27 19:30:00
   9.922790, -66.898010,AQUA_M-T,2026-03-27 19:30:00
   9.869030, -66.588660,AQUA_M-T,2026-03-27 19:30:00
   9.867450, -66.598880,AQUA_M-T,2026-03-27 19:30:00
   9.754160, -66.606180,AQUA_M-T,2026-03-27 19:30:00
   9.750990, -66.626560,AQUA_M-T,2026-03-27 19:30:00
   9.725850, -66.627620,AQUA_M-T,2026-03-27 19:30:00
  10.618110, -66.228130,AQUA_M-T,2026-03-27 19:30:00
  10.378720, -66.882290,AQUA_M-T,2026-03-27 19:30:00
  10.335690, -66.972180,AQUA_M-T,2026-03-27 19:30:00
  10.308380, -66.259840,AQUA_M-T,2026-03-27 19:30:00
  10.303340, -66.584560,AQUA_M-T,2026-03-27 19:30:00
  10.292830, -66.547390,AQUA_M-T,2026-03-27 19:30:00
  10.285110, -66.947980,AQUA_M-T,2026-03-27 19:30:00
  10.266690, -66.818760,AQUA_M-T,2026-03-27 19:30:00
  10.191230, -66.960040,AQUA_M-T,2026-03-27 19:30:00
  10.184650, -67.065100,AQUA_M-T,2026-03-27 19:30:00
  10.182930, -67.076230,AQUA_M-T,2026-03-27 19:30:00
  10.143800, -66.310360,AQUA_M-T,2026-03-27 19:30:00
  10.142340, -66.320020,AQUA_M-T,2026-03-27 19:30:00
  10.134620, -66.309110,AQUA_M-T,2026-03-27 19:30:00
  10.133140, -66.318940,AQUA_M-T,2026-03-27 19:30:00
  10.122880, -67.209390,AQUA_M-T,2026-03-27 19:30:00
  10.101180, -67.283970,AQUA_M-T,2026-03-27 19:30:00
  10.073770, -66.806960,AQUA_M-T,2026-03-27 19:30:00
  10.061720, -66.787800,AQUA_M-T,2026-03-27 19:30:00
  10.029430, -67.796640,AQUA_M-T,2026-03-27 19:30:00
   9.368680, -67.619340,AQUA_M-T,2026-03-27 19:30:00
   9.300230, -67.204220,AQUA_M-T,2026-03-27 19:30:00
   9.128190, -68.043030,AQUA_M-T,2026-03-27 19:30:00
   9.099150, -68.025320,AQUA_M-T,2026-03-27 19:30:00
   9.097150, -68.037940,AQUA_M-T,2026-03-27 19:30:00
   9.088810, -68.023640,AQUA_M-T,2026-03-27 19:30:00
   9.037590, -67.893230,AQUA_M-T,2026-03-27 19:30:00
   9.009520, -67.676370,AQUA_M-T,2026-03-27 19:30:00
   9.001430, -67.669540,AQUA_M-T,2026-03-27 19:30:00
   8.999570, -67.681550,AQUA_M-T,2026-03-27 19:30:00
   8.986220, -66.972550,AQUA_M-T,2026-03-27 19:30:00
   8.912930, -67.704530,AQUA_M-T,2026-03-27 19:30:00
   8.912540, -67.710330,AQUA_M-T,2026-03-27 19:30:00
   8.882090, -67.050980,AQUA_M-T,2026-03-27 19:30:00
   8.849100, -67.262920,AQUA_M-T,2026-03-27 19:30:00
   8.847330, -67.274260,AQUA_M-T,2026-03-27 19:30:00
   8.839260, -67.261340,AQUA_M-T,2026-03-27 19:30:00
   8.828550, -66.924030,AQUA_M-T,2026-03-27 19:30:00
   8.711290, -67.938000,AQUA_M-T,2026-03-27 19:30:00
   8.641280, -68.130350,AQUA_M-T,2026-03-27 19:30:00
   8.619010, -67.486180,AQUA_M-T,2026-03-27 19:30:00
   8.583050, -67.714190,AQUA_M-T,2026-03-27 19:30:00
   8.358220, -67.247090,AQUA_M-T,2026-03-27 19:28:00
   8.356410, -67.258580,AQUA_M-T,2026-03-27 19:28:00
   8.026080, -66.798610,AQUA_M-T,2026-03-27 19:28:00
   8.009810, -67.504620,AQUA_M-T,2026-03-27 19:28:00
   7.996500, -67.130070,AQUA_M-T,2026-03-27 19:28:00
   7.986620, -67.128500,AQUA_M-T,2026-03-27 19:28:00
   7.908130, -67.818200,AQUA_M-T,2026-03-27 19:28:00
   7.825870, -66.975080,AQUA_M-T,2026-03-27 19:28:00
   7.823480, -66.980650,AQUA_M-T,2026-03-27 19:28:00
   7.815380, -66.967890,AQUA_M-T,2026-03-27 19:28:00
   7.680920, -67.372940,AQUA_M-T,2026-03-27 19:28:00
   7.672000, -67.364890,AQUA_M-T,2026-03-27 19:28:00
   7.638860, -68.208650,AQUA_M-T,2026-03-27 19:28:00
   7.575740, -67.259120,AQUA_M-T,2026-03-27 19:28:00
   7.570280, -67.294560,AQUA_M-T,2026-03-27 19:28:00
   7.568460, -67.306420,AQUA_M-T,2026-03-27 19:28:00
   7.468500, -68.325520,AQUA_M-T,2026-03-27 19:28:00
   7.457610, -68.323760,AQUA_M-T,2026-03-27 19:28:00
   7.372430, -67.311950,AQUA_M-T,2026-03-27 19:28:00
   7.352210, -67.308730,AQUA_M-T,2026-03-27 19:28:00
   7.342100, -67.307120,AQUA_M-T,2026-03-27 19:28:00
   7.228460, -67.779140,AQUA_M-T,2026-03-27 19:28:00
   7.203120, -68.396570,AQUA_M-T,2026-03-27 19:28:00
   7.029050, -67.208790,AQUA_M-T,2026-03-27 19:28:00
   6.684100, -67.961810,AQUA_M-T,2026-03-27 19:28:00
   6.681940, -67.975430,AQUA_M-T,2026-03-27 19:28:00
   6.461690, -67.293670,AQUA_M-T,2026-03-27 19:28:00
   6.415210, -67.596100,AQUA_M-T,2026-03-27 19:28:00
   6.406710, -67.581520,AQUA_M-T,2026-03-27 19:28:00
   6.404720, -67.594420,AQUA_M-T,2026-03-27 19:28:00
   6.015520, -68.025360,AQUA_M-T,2026-03-27 19:28:00
   9.990980, -68.805730,AQUA_M-T,2026-03-27 19:30:00
   9.988220, -67.924210,AQUA_M-T,2026-03-27 19:30:00
   9.977870, -68.818250,AQUA_M-T,2026-03-27 19:30:00
   9.964810, -68.830270,AQUA_M-T,2026-03-27 19:30:00
   9.869280, -68.616750,AQUA_M-T,2026-03-27 19:30:00
   9.828660, -68.962530,AQUA_M-T,2026-03-27 19:30:00
   9.824230, -68.624700,AQUA_M-T,2026-03-27 19:30:00
   9.773890, -69.361580,AQUA_M-T,2026-03-27 19:30:00
   9.759260, -68.324050,AQUA_M-T,2026-03-27 19:30:00
   9.748700, -68.323040,AQUA_M-T,2026-03-27 19:30:00
   9.740650, -68.328410,AQUA_M-T,2026-03-27 19:30:00
   9.738230, -68.321460,AQUA_M-T,2026-03-27 19:30:00
   9.692550, -68.869740,AQUA_M-T,2026-03-27 19:30:00
  10.722470, -69.086230,AQUA_M-T,2026-03-27 19:30:00
  10.619240, -68.483330,AQUA_M-T,2026-03-27 19:30:00
  10.612510, -68.968510,AQUA_M-T,2026-03-27 19:30:00
  10.536210, -69.002720,AQUA_M-T,2026-03-27 19:30:00
  10.519660, -69.105690,AQUA_M-T,2026-03-27 19:30:00
  10.460320, -68.902920,AQUA_M-T,2026-03-27 19:30:00
  10.277000, -67.916790,AQUA_M-T,2026-03-27 19:30:00
  10.101530, -68.495740,AQUA_M-T,2026-03-27 19:30:00
  10.099420, -68.508710,AQUA_M-T,2026-03-27 19:30:00
  10.091660, -68.758190,AQUA_M-T,2026-03-27 19:30:00
  10.055880, -68.402200,AQUA_M-T,2026-03-27 19:30:00
  10.036350, -68.798880,AQUA_M-T,2026-03-27 19:30:00
  10.031090, -68.791010,AQUA_M-T,2026-03-27 19:30:00
  10.028590, -67.930950,AQUA_M-T,2026-03-27 19:30:00
  10.028050, -68.876310,AQUA_M-T,2026-03-27 19:30:00
  10.025770, -68.890120,AQUA_M-T,2026-03-27 19:30:00
  10.023010, -68.883320,AQUA_M-T,2026-03-27 19:30:00
   9.150830, -68.078050,AQUA_M-T,2026-03-27 19:30:00
   9.120260, -68.093810,AQUA_M-T,2026-03-27 19:30:00
   9.118270, -68.106600,AQUA_M-T,2026-03-27 19:30:00
   9.017760, -69.107360,AQUA_M-T,2026-03-27 19:30:00
   8.896110, -69.587020,AQUA_M-T,2026-03-27 19:30:00
   8.829950, -68.624430,AQUA_M-T,2026-03-27 19:30:00
   8.827700, -68.638510,AQUA_M-T,2026-03-27 19:30:00
   8.784980, -69.476680,AQUA_M-T,2026-03-27 19:30:00
   8.563520, -68.767270,AQUA_M-T,2026-03-27 19:30:00
   7.847510, -69.414150,AQUA_M-T,2026-03-27 19:28:00
   7.563480, -68.598290,AQUA_M-T,2026-03-27 19:28:00
   7.563340, -68.603400,AQUA_M-T,2026-03-27 19:28:00
   7.303260, -69.080860,AQUA_M-T,2026-03-27 19:28:00
   7.103860, -69.598910,AQUA_M-T,2026-03-27 19:28:00
   7.012970, -69.847120,AQUA_M-T,2026-03-27 19:28:00
   6.470790, -69.292070,AQUA_M-T,2026-03-27 19:28:00
   9.498720, -69.705360,AQUA_M-T,2026-03-27 19:30:00
   9.910320, -70.896770,AQUA_M-T,2026-03-27 19:30:00
   8.130230, -70.746060,AQUA_M-T,2026-03-27 19:30:00
   8.127020, -70.750600,AQUA_M-T,2026-03-27 19:30:00
   8.126770, -70.767240,AQUA_M-T,2026-03-27 19:30:00
   8.123380, -70.771740,AQUA_M-T,2026-03-27 19:30:00
   7.179470, -71.433780,AQUA_M-T,2026-03-27 19:28:00
   7.175170, -71.458690,AQUA_M-T,2026-03-27 19:28:00
   7.170890, -71.450830,AQUA_M-T,2026-03-27 19:28:00
  10.379590, -71.242190,AQUA_M-T,2026-03-27 19:30:00
  10.017390, -70.962270,AQUA_M-T,2026-03-27 19:30:00
   7.467990, -71.788880,AQUA_M-T,2026-03-27 19:28:00
   5.438440, -72.014050,AQUA_M-T,2026-03-27 19:28:00
  10.952360, -72.424880,AQUA_M-T,2026-03-27 19:30:00
  10.335760, -74.231500,AQUA_M-T,2026-03-27 19:30:00
  10.330140, -74.225930,AQUA_M-T,2026-03-27 19:30:00
 -27.637410, -51.175500,AQUA_M-T,2026-03-27 19:17:00
 -29.119680, -51.179270,AQUA_M-T,2026-03-27 19:17:00
 -21.428740, -54.657360,AQUA_M-T,2026-03-27 19:19:00
 -19.126520, -56.234430,AQUA_M-T,2026-03-27 19:19:00
   2.581720, -60.096940,AQUA_M-T,2026-03-27 19:28:00
   3.430580, -59.970080,AQUA_M-T,2026-03-27 19:28:00
   3.419290, -59.979610,AQUA_M-T,2026-03-27 19:28:00
   2.583230, -60.086390,AQUA_M-T,2026-03-27 19:28:00
   3.459540, -61.377790,AQUA_M-T,2026-03-27 19:28:00
   2.930160, -60.172240,AQUA_M-T,2026-03-27 19:28:00
   2.664210, -60.501840,AQUA_M-T,2026-03-27 19:28:00
   2.926570, -60.128840,AQUA_M-T,2026-03-27 19:28:00
   2.847870, -60.175900,AQUA_M-T,2026-03-27 19:28:00
   2.814030, -60.276960,AQUA_M-T,2026-03-27 19:28:00
   9.713520, -73.164910,NPP-375,2026-03-27 18:56:00
 -37.737740, -73.376050,NPP-375,2026-03-27 18:43:00
 -38.202250, -73.115870,NPP-375,2026-03-27 18:43:00
 -37.711400, -73.527430,NPP-375,2026-03-27 18:43:00
 -39.026990, -73.286910,NPP-375,2026-03-27 18:43:00
 -38.963890, -73.270130,NPP-375,2026-03-27 18:43:00
 -38.963810, -73.268100,NPP-375,2026-03-27 18:43:00
 -38.963260, -73.265260,NPP-375,2026-03-27 18:43:00
 -38.963170, -73.263220,NPP-375,2026-03-27 18:43:00
 -38.829510, -73.149250,NPP-375,2026-03-27 18:43:00
 -38.768660, -73.366890,NPP-375,2026-03-27 18:43:00
 -38.739370, -73.114490,NPP-375,2026-03-27 18:43:00
 -38.631370, -73.276710,NPP-375,2026-03-27 18:43:00
 -38.630720, -73.271810,NPP-375,2026-03-27 18:43:00
 -38.625070, -73.283080,NPP-375,2026-03-27 18:43:00
 -38.621600, -73.283870,NPP-375,2026-03-27 18:43:00
   9.325880, -75.770670,NPP-375,2026-03-27 18:56:00
   9.326500, -75.766020,NPP-375,2026-03-27 18:56:00
   9.326350, -75.767430,NPP-375,2026-03-27 18:56:00
   8.163450, -77.099190,NPP-375,2026-03-27 18:56:00
   8.162900, -77.103010,NPP-375,2026-03-27 18:56:00
  -1.056110, -78.435590,NPP-375,2026-03-27 18:53:00
  -7.761670, -79.387990,NPP-375,2026-03-27 18:51:00
  -7.200470, -79.497690,NPP-375,2026-03-27 18:51:00
  -7.184250, -79.435550,NPP-375,2026-03-27 18:51:00
  -7.177370, -79.389990,NPP-375,2026-03-27 18:51:00
  -7.121840, -79.535270,NPP-375,2026-03-27 18:51:00
  -7.118500, -79.535780,NPP-375,2026-03-27 18:51:00
  -6.785530, -79.702750,NPP-375,2026-03-27 18:51:00
    .825690, -79.859180,NPP-375,2026-03-27 18:53:00
    .444690, -79.982290,NPP-375,2026-03-27 18:53:00
   -.868710, -80.487800,NPP-375,2026-03-27 18:53:00
  -4.654090, -80.482320,NPP-375,2026-03-27 18:51:00
  -4.652490, -80.471690,NPP-375,2026-03-27 18:51:00
  -4.649130, -80.472210,NPP-375,2026-03-27 18:51:00
 -29.358630, -57.183480,NPP-375,2026-03-27 18:43:00
 -31.293520, -58.311300,NPP-375,2026-03-27 18:43:00
 -30.384800, -59.498230,NPP-375,2026-03-27 18:43:00
 -36.356110, -60.640240,NPP-375,2026-03-27 18:43:00
 -36.355180, -60.636620,NPP-375,2026-03-27 18:43:00
 -28.175360, -59.395890,NPP-375,2026-03-27 18:45:00
 -28.173960, -59.400300,NPP-375,2026-03-27 18:45:00
 -28.859730, -60.631940,NPP-375,2026-03-27 18:45:00
 -22.978200, -60.678960,NPP-375,2026-03-27 18:45:00
 -22.965060, -60.796570,NPP-375,2026-03-27 18:45:00
 -29.857790, -62.480590,NPP-375,2026-03-27 18:43:00
 -29.856870, -62.476750,NPP-375,2026-03-27 18:43:00
 -29.853870, -62.481200,NPP-375,2026-03-27 18:43:00
 -29.852930, -62.477370,NPP-375,2026-03-27 18:43:00
 -29.851570, -62.478420,NPP-375,2026-03-27 18:43:00
 -39.651870, -65.407670,NPP-375,2026-03-27 18:41:00
 -20.003860, -61.460990,NPP-375,2026-03-27 18:47:00
 -19.999020, -61.464390,NPP-375,2026-03-27 18:47:00
 -19.997340, -61.457450,NPP-375,2026-03-27 18:47:00
 -19.996950, -61.462730,NPP-375,2026-03-27 18:47:00
 -19.995230, -61.455810,NPP-375,2026-03-27 18:47:00
 -21.974770, -61.113830,NPP-375,2026-03-27 18:45:00
 -21.974530, -61.113850,NPP-375,2026-03-27 18:45:00
 -21.973140, -61.107230,NPP-375,2026-03-27 18:45:00
 -21.972860, -61.107280,NPP-375,2026-03-27 18:45:00
 -26.357590, -62.859390,NPP-375,2026-03-27 18:45:00
 -34.815510, -65.105930,NPP-375,2026-03-27 18:43:00
 -39.115090, -66.328330,NPP-375,2026-03-27 18:41:00
 -39.104510, -66.933800,NPP-375,2026-03-27 18:41:00
 -25.713460, -64.679210,NPP-375,2026-03-27 18:45:00
 -33.878910, -66.117290,NPP-375,2026-03-27 18:43:00
 -33.878040, -66.113120,NPP-375,2026-03-27 18:43:00
 -32.261740, -67.605030,NPP-375,2026-03-27 18:43:00
 -31.588880, -68.261710,NPP-375,2026-03-27 18:43:00
 -23.675820, -68.165120,NPP-375,2026-03-27 18:45:00
 -34.202910, -70.734350,NPP-375,2026-03-27 18:43:00
 -34.189230, -70.799800,NPP-375,2026-03-27 18:43:00
 -33.999290, -70.708950,NPP-375,2026-03-27 18:43:00
 -36.722610, -71.901010,NPP-375,2026-03-27 18:43:00
 -36.698650, -71.879520,NPP-375,2026-03-27 18:43:00
 -36.456570, -71.915090,NPP-375,2026-03-27 18:43:00
 -36.723260, -71.898280,NPP-375,2026-03-27 18:43:00
 -36.721960, -71.896660,NPP-375,2026-03-27 18:43:00
 -36.245380, -71.741830,NPP-375,2026-03-27 18:43:00
 -36.179200, -72.229480,NPP-375,2026-03-27 18:43:00
 -35.689900, -71.757630,NPP-375,2026-03-27 18:43:00
 -38.046320, -72.209510,NPP-375,2026-03-27 18:43:00
 -38.138400, -72.292830,NPP-375,2026-03-27 18:43:00
 -38.135660, -72.298150,NPP-375,2026-03-27 18:43:00
 -38.132280, -72.298900,NPP-375,2026-03-27 18:43:00
 -37.985680, -72.297960,NPP-375,2026-03-27 18:43:00
 -37.913100, -72.299210,NPP-375,2026-03-27 18:43:00
 -37.910360, -72.304500,NPP-375,2026-03-27 18:43:00
 -37.881100, -72.051230,NPP-375,2026-03-27 18:43:00
 -37.878380, -72.056500,NPP-375,2026-03-27 18:43:00
 -37.855070, -72.259690,NPP-375,2026-03-27 18:43:00
 -37.852600, -72.192200,NPP-375,2026-03-27 18:43:00
 -37.852340, -72.264950,NPP-375,2026-03-27 18:43:00
 -37.851960, -72.187710,NPP-375,2026-03-27 18:43:00
 -37.851700, -72.260460,NPP-375,2026-03-27 18:43:00
 -37.849610, -72.270230,NPP-375,2026-03-27 18:43:00
 -37.846050, -72.196870,NPP-375,2026-03-27 18:43:00
 -37.845860, -72.193760,NPP-375,2026-03-27 18:43:00
 -37.845590, -72.266500,NPP-375,2026-03-27 18:43:00
 -37.845410, -72.192390,NPP-375,2026-03-27 18:43:00
 -37.844760, -72.187890,NPP-375,2026-03-27 18:43:00
 -37.843660, -72.253020,NPP-375,2026-03-27 18:43:00
 -37.841570, -72.262770,NPP-375,2026-03-27 18:43:00
 -37.841390, -72.188680,NPP-375,2026-03-27 18:43:00
 -37.840750, -72.184200,NPP-375,2026-03-27 18:43:00
 -37.838670, -72.193950,NPP-375,2026-03-27 18:43:00
 -37.838020, -72.189470,NPP-375,2026-03-27 18:43:00
 -37.836910, -72.254550,NPP-375,2026-03-27 18:43:00
 -37.834180, -72.259820,NPP-375,2026-03-27 18:43:00
 -37.810450, -71.851130,NPP-375,2026-03-27 18:43:00
 -37.786650, -72.219650,NPP-375,2026-03-27 18:43:00
 -37.783280, -72.220430,NPP-375,2026-03-27 18:43:00
 -37.782630, -72.215950,NPP-375,2026-03-27 18:43:00
 -37.733410, -72.211360,NPP-375,2026-03-27 18:43:00
 -37.732770, -72.206880,NPP-375,2026-03-27 18:43:00
 -37.727160, -72.071480,NPP-375,2026-03-27 18:43:00
 -37.726520, -72.067020,NPP-375,2026-03-27 18:43:00
 -37.723160, -72.067790,NPP-375,2026-03-27 18:43:00
 -37.720730, -72.026850,NPP-375,2026-03-27 18:43:00
 -37.715690, -72.136740,NPP-375,2026-03-27 18:43:00
 -37.711680, -72.133050,NPP-375,2026-03-27 18:43:00
 -37.710850, -71.886860,NPP-375,2026-03-27 18:43:00
 -37.707490, -71.887640,NPP-375,2026-03-27 18:43:00
 -37.703660, -72.125660,NPP-375,2026-03-27 18:43:00
 -37.690340, -72.105660,NPP-375,2026-03-27 18:43:00
 -37.680390, -71.965420,NPP-375,2026-03-27 18:43:00
 -37.677680, -71.970620,NPP-375,2026-03-27 18:43:00
 -37.648590, -72.009230,NPP-375,2026-03-27 18:43:00
 -37.646520, -72.018910,NPP-375,2026-03-27 18:43:00
 -37.645230, -72.010010,NPP-375,2026-03-27 18:43:00
 -37.641870, -72.010790,NPP-375,2026-03-27 18:43:00
 -37.638520, -72.011570,NPP-375,2026-03-27 18:43:00
 -37.628330, -72.133710,NPP-375,2026-03-27 18:43:00
 -37.627690, -72.129240,NPP-375,2026-03-27 18:43:00
 -37.583170, -71.922080,NPP-375,2026-03-27 18:43:00
 -37.508750, -71.934780,NPP-375,2026-03-27 18:43:00
 -37.508100, -71.930350,NPP-375,2026-03-27 18:43:00
 -37.507460, -71.925920,NPP-375,2026-03-27 18:43:00
 -37.506810, -71.921490,NPP-375,2026-03-27 18:43:00
 -37.505400, -71.935560,NPP-375,2026-03-27 18:43:00
 -38.081600, -72.709490,NPP-375,2026-03-27 18:43:00
 -38.015870, -72.732090,NPP-375,2026-03-27 18:43:00
 -37.627600, -72.447010,NPP-375,2026-03-27 18:43:00
 -38.135020, -72.293600,NPP-375,2026-03-27 18:43:00
 -38.015220, -72.727490,NPP-375,2026-03-27 18:43:00
 -37.956040, -72.331410,NPP-375,2026-03-27 18:43:00
 -37.948570, -72.426580,NPP-375,2026-03-27 18:43:00
 -37.913740, -72.303730,NPP-375,2026-03-27 18:43:00
 -37.883820, -72.045970,NPP-375,2026-03-27 18:43:00
 -37.880460, -72.046750,NPP-375,2026-03-27 18:43:00
 -37.879810, -72.042270,NPP-375,2026-03-27 18:43:00
 -37.877090, -72.047530,NPP-375,2026-03-27 18:43:00
 -37.875020, -72.057270,NPP-375,2026-03-27 18:43:00
 -37.855720, -72.264180,NPP-375,2026-03-27 18:43:00
 -37.855420, -72.261100,NPP-375,2026-03-27 18:43:00
 -37.855330, -72.186920,NPP-375,2026-03-27 18:43:00
 -37.851320, -72.183230,NPP-375,2026-03-27 18:43:00
 -37.849230, -72.192980,NPP-375,2026-03-27 18:43:00
 -37.848970, -72.265720,NPP-375,2026-03-27 18:43:00
 -37.848590, -72.188480,NPP-375,2026-03-27 18:43:00
 -37.846500, -72.198260,NPP-375,2026-03-27 18:43:00
 -37.845220, -72.189260,NPP-375,2026-03-27 18:43:00
 -37.844310, -72.257510,NPP-375,2026-03-27 18:43:00
 -37.842040, -72.193170,NPP-375,2026-03-27 18:43:00
 -37.840930, -72.258290,NPP-375,2026-03-27 18:43:00
 -37.840290, -72.253780,NPP-375,2026-03-27 18:43:00
 -37.840110, -72.179740,NPP-375,2026-03-27 18:43:00
 -37.839470, -72.175290,NPP-375,2026-03-27 18:43:00
 -37.821660, -72.220950,NPP-375,2026-03-27 18:43:00
 -37.821000, -72.216450,NPP-375,2026-03-27 18:43:00
 -37.786010, -72.215180,NPP-375,2026-03-27 18:43:00
 -37.777180, -72.129310,NPP-375,2026-03-27 18:43:00
 -37.739840, -72.256100,NPP-375,2026-03-27 18:43:00
 -37.721370, -72.031320,NPP-375,2026-03-27 18:43:00
 -37.720430, -72.073030,NPP-375,2026-03-27 18:43:00
 -37.720090, -72.071140,NPP-375,2026-03-27 18:43:00
 -37.707520, -72.032540,NPP-375,2026-03-27 18:43:00
 -37.707020, -72.124890,NPP-375,2026-03-27 18:43:00
 -37.706880, -72.028080,NPP-375,2026-03-27 18:43:00
 -37.706380, -72.120410,NPP-375,2026-03-27 18:43:00
 -37.704170, -72.033310,NPP-375,2026-03-27 18:43:00
 -37.703510, -72.028850,NPP-375,2026-03-27 18:43:00
 -37.703010, -72.121200,NPP-375,2026-03-27 18:43:00
 -37.699650, -72.121970,NPP-375,2026-03-27 18:43:00
 -37.681050, -71.969860,NPP-375,2026-03-27 18:43:00
 -37.649230, -72.013680,NPP-375,2026-03-27 18:43:00
 -37.645880, -72.014460,NPP-375,2026-03-27 18:43:00
 -37.641330, -71.864250,NPP-375,2026-03-27 18:43:00
 -37.640680, -71.859830,NPP-375,2026-03-27 18:43:00
 -37.636570, -71.879130,NPP-375,2026-03-27 18:43:00
 -37.635800, -72.016790,NPP-375,2026-03-27 18:43:00
 -37.633090, -72.436490,NPP-375,2026-03-27 18:43:00
 -37.631800, -72.013120,NPP-375,2026-03-27 18:43:00
 -37.629700, -72.437240,NPP-375,2026-03-27 18:43:00
 -37.624220, -72.447780,NPP-375,2026-03-27 18:43:00
 -37.608570, -71.972600,NPP-375,2026-03-27 18:43:00
 -37.586520, -71.921300,NPP-375,2026-03-27 18:43:00
 -37.514170, -71.924370,NPP-375,2026-03-27 18:43:00
 -37.510810, -71.925150,NPP-375,2026-03-27 18:43:00
 -37.510170, -71.920720,NPP-375,2026-03-27 18:43:00
 -37.504750, -71.931130,NPP-375,2026-03-27 18:43:00
 -37.408380, -71.961400,NPP-375,2026-03-27 18:43:00
 -37.407730, -71.956990,NPP-375,2026-03-27 18:43:00
 -37.378970, -71.949910,NPP-375,2026-03-27 18:43:00
 -37.378090, -71.948810,NPP-375,2026-03-27 18:43:00
 -37.331370, -71.913920,NPP-375,2026-03-27 18:43:00
 -37.321430, -71.893410,NPP-375,2026-03-27 18:43:00
 -37.292400, -72.195080,NPP-375,2026-03-27 18:43:00
 -37.289050, -72.292140,NPP-375,2026-03-27 18:43:00
 -37.278000, -72.239590,NPP-375,2026-03-27 18:43:00
 -37.275270, -72.244790,NPP-375,2026-03-27 18:43:00
 -37.271900, -72.245540,NPP-375,2026-03-27 18:43:00
 -37.206860, -71.918210,NPP-375,2026-03-27 18:43:00
 -37.203500, -71.918980,NPP-375,2026-03-27 18:43:00
 -37.154470, -72.015460,NPP-375,2026-03-27 18:43:00
 -37.149700, -72.030200,NPP-375,2026-03-27 18:43:00
 -37.133580, -72.038430,NPP-375,2026-03-27 18:43:00
 -37.130090, -72.061980,NPP-375,2026-03-27 18:43:00
 -37.110290, -71.880250,NPP-375,2026-03-27 18:43:00
 -37.079160, -71.950920,NPP-375,2026-03-27 18:43:00
 -37.032480, -71.942440,NPP-375,2026-03-27 18:43:00
 -37.006200, -72.093670,NPP-375,2026-03-27 18:43:00
 -37.005560, -72.089270,NPP-375,2026-03-27 18:43:00
 -37.003490, -72.098830,NPP-375,2026-03-27 18:43:00
 -36.973750, -72.208780,NPP-375,2026-03-27 18:43:00
 -36.971040, -72.213940,NPP-375,2026-03-27 18:43:00
 -36.927230, -72.033220,NPP-375,2026-03-27 18:43:00
 -36.923230, -72.029600,NPP-375,2026-03-27 18:43:00
 -36.897140, -71.899900,NPP-375,2026-03-27 18:43:00
 -36.887110, -71.902220,NPP-375,2026-03-27 18:43:00
 -36.872960, -71.923530,NPP-375,2026-03-27 18:43:00
 -36.868070, -71.960780,NPP-375,2026-03-27 18:43:00
 -36.867430, -71.956410,NPP-375,2026-03-27 18:43:00
 -36.863790, -71.884990,NPP-375,2026-03-27 18:43:00
 -36.840250, -71.912960,NPP-375,2026-03-27 18:43:00
 -36.836900, -71.913730,NPP-375,2026-03-27 18:43:00
 -36.827190, -71.969120,NPP-375,2026-03-27 18:43:00
 -36.774840, -71.872890,NPP-375,2026-03-27 18:43:00
 -36.750310, -71.964170,NPP-375,2026-03-27 18:43:00
 -36.749600, -71.842700,NPP-375,2026-03-27 18:43:00
 -36.726610, -71.897510,NPP-375,2026-03-27 18:43:00
 -36.723900, -71.902630,NPP-375,2026-03-27 18:43:00
 -36.675170, -72.309190,NPP-375,2026-03-27 18:43:00
 -36.674870, -72.308360,NPP-375,2026-03-27 18:43:00
 -37.403740, -71.953340,NPP-375,2026-03-27 18:43:00
 -37.381680, -71.944710,NPP-375,2026-03-27 18:43:00
 -37.378330, -71.945490,NPP-375,2026-03-27 18:43:00
 -37.324130, -71.888220,NPP-375,2026-03-27 18:43:00
 -37.323480, -71.883820,NPP-375,2026-03-27 18:43:00
 -37.320780, -71.889000,NPP-375,2026-03-27 18:43:00
 -37.320130, -71.884590,NPP-375,2026-03-27 18:43:00
 -37.280590, -71.898340,NPP-375,2026-03-27 18:43:00
 -37.273990, -72.235910,NPP-375,2026-03-27 18:43:00
 -37.271270, -72.241110,NPP-375,2026-03-27 18:43:00
 -37.207500, -71.922600,NPP-375,2026-03-27 18:43:00
 -37.200150, -71.919740,NPP-375,2026-03-27 18:43:00
 -37.147000, -72.035360,NPP-375,2026-03-27 18:43:00
 -37.143350, -71.963450,NPP-375,2026-03-27 18:43:00
 -37.140650, -71.968610,NPP-375,2026-03-27 18:43:00
 -37.140000, -71.964220,NPP-375,2026-03-27 18:43:00
 -37.131240, -71.975310,NPP-375,2026-03-27 18:43:00
 -37.130740, -72.066380,NPP-375,2026-03-27 18:43:00
 -37.130600, -71.970910,NPP-375,2026-03-27 18:43:00
 -37.130220, -72.039200,NPP-375,2026-03-27 18:43:00
 -37.127890, -71.976080,NPP-375,2026-03-27 18:43:00
 -37.127240, -71.971690,NPP-375,2026-03-27 18:43:00
 -37.122030, -72.342180,NPP-375,2026-03-27 18:43:00
 -37.121390, -72.337740,NPP-375,2026-03-27 18:43:00
 -37.100140, -71.905270,NPP-375,2026-03-27 18:43:00
 -37.089600, -71.998460,NPP-375,2026-03-27 18:43:00
 -37.086250, -71.999230,NPP-375,2026-03-27 18:43:00
 -37.085610, -71.994830,NPP-375,2026-03-27 18:43:00
 -37.083160, -71.954540,NPP-375,2026-03-27 18:43:00
 -37.082520, -71.950150,NPP-375,2026-03-27 18:43:00
 -37.082250, -71.995600,NPP-375,2026-03-27 18:43:00
 -37.072840, -72.002300,NPP-375,2026-03-27 18:43:00
 -37.057540, -72.018370,NPP-375,2026-03-27 18:43:00
 -37.004920, -72.084880,NPP-375,2026-03-27 18:43:00
 -37.002850, -72.094440,NPP-375,2026-03-27 18:43:00
 -37.002200, -72.090030,NPP-375,2026-03-27 18:43:00
 -36.977760, -72.212420,NPP-375,2026-03-27 18:43:00
 -36.923870, -72.033980,NPP-375,2026-03-27 18:43:00
 -36.893800, -71.900680,NPP-375,2026-03-27 18:43:00
 -36.872310, -71.919160,NPP-375,2026-03-27 18:43:00
 -36.868960, -71.919920,NPP-375,2026-03-27 18:43:00
 -36.849000, -72.019390,NPP-375,2026-03-27 18:43:00
 -36.845000, -72.019280,NPP-375,2026-03-27 18:43:00
 -36.843600, -71.912200,NPP-375,2026-03-27 18:43:00
 -36.775480, -71.877240,NPP-375,2026-03-27 18:43:00
 -36.760810, -71.871630,NPP-375,2026-03-27 18:43:00
 -36.753650, -71.963400,NPP-375,2026-03-27 18:43:00
 -36.727250, -71.901860,NPP-375,2026-03-27 18:43:00
 -36.678540, -72.308440,NPP-375,2026-03-27 18:43:00
 -39.175450, -72.403340,NPP-375,2026-03-27 18:43:00
 -39.174810, -72.398640,NPP-375,2026-03-27 18:43:00
 -39.174170, -72.393950,NPP-375,2026-03-27 18:43:00
 -39.172040, -72.404110,NPP-375,2026-03-27 18:43:00
 -39.171400, -72.399420,NPP-375,2026-03-27 18:43:00
 -39.170030, -72.407630,NPP-375,2026-03-27 18:43:00
 -39.169380, -72.402940,NPP-375,2026-03-27 18:43:00
 -39.168630, -72.404890,NPP-375,2026-03-27 18:43:00
 -39.130570, -72.402100,NPP-375,2026-03-27 18:43:00
 -39.129920, -72.397400,NPP-375,2026-03-27 18:43:00
 -39.127160, -72.402870,NPP-375,2026-03-27 18:43:00
 -39.126520, -72.398180,NPP-375,2026-03-27 18:43:00
 -39.125870, -72.393490,NPP-375,2026-03-27 18:43:00
 -39.122460, -72.394260,NPP-375,2026-03-27 18:43:00
 -39.110490, -72.358480,NPP-375,2026-03-27 18:43:00
 -39.107740, -72.363970,NPP-375,2026-03-27 18:43:00
 -39.107090, -72.359250,NPP-375,2026-03-27 18:43:00
 -39.053410, -72.352010,NPP-375,2026-03-27 18:43:00
 -39.049740, -72.341740,NPP-375,2026-03-27 18:43:00
 -39.049100, -72.337080,NPP-375,2026-03-27 18:43:00
 -39.042790, -72.367420,NPP-375,2026-03-27 18:43:00
 -39.042140, -72.362750,NPP-375,2026-03-27 18:43:00
 -39.039390, -72.368200,NPP-375,2026-03-27 18:43:00
 -39.038740, -72.363530,NPP-375,2026-03-27 18:43:00
 -38.939780, -72.302850,NPP-375,2026-03-27 18:43:00
 -38.939130, -72.298190,NPP-375,2026-03-27 18:43:00
 -38.938720, -72.300060,NPP-375,2026-03-27 18:43:00
 -38.936390, -72.303620,NPP-375,2026-03-27 18:43:00
 -38.934460, -72.390340,NPP-375,2026-03-27 18:43:00
 -38.933800, -72.385680,NPP-375,2026-03-27 18:43:00
 -38.925220, -72.349270,NPP-375,2026-03-27 18:43:00
 -38.924580, -72.344620,NPP-375,2026-03-27 18:43:00
 -38.923930, -72.339970,NPP-375,2026-03-27 18:43:00
 -38.921180, -72.345400,NPP-375,2026-03-27 18:43:00
 -38.920530, -72.340740,NPP-375,2026-03-27 18:43:00
 -38.903170, -72.392680,NPP-375,2026-03-27 18:43:00
 -38.900410, -72.398110,NPP-375,2026-03-27 18:43:00
 -38.878630, -72.316920,NPP-375,2026-03-27 18:43:00
 -38.875240, -72.317720,NPP-375,2026-03-27 18:43:00
 -38.874600, -72.313090,NPP-375,2026-03-27 18:43:00
 -38.848290, -72.418000,NPP-375,2026-03-27 18:43:00
 -38.847640, -72.413340,NPP-375,2026-03-27 18:43:00
 -38.847220, -72.419850,NPP-375,2026-03-27 18:43:00
 -38.846580, -72.415190,NPP-375,2026-03-27 18:43:00
 -38.844890, -72.418760,NPP-375,2026-03-27 18:43:00
 -38.844230, -72.414100,NPP-375,2026-03-27 18:43:00
 -38.791950, -72.315900,NPP-375,2026-03-27 18:43:00
 -38.791300, -72.311270,NPP-375,2026-03-27 18:43:00
 -38.788550, -72.316690,NPP-375,2026-03-27 18:43:00
 -38.787900, -72.312070,NPP-375,2026-03-27 18:43:00
 -38.783780, -72.408610,NPP-375,2026-03-27 18:43:00
 -38.716810, -72.425930,NPP-375,2026-03-27 18:43:00
 -38.716160, -72.421290,NPP-375,2026-03-27 18:43:00
 -38.680590, -72.367310,NPP-375,2026-03-27 18:43:00
 -38.679940, -72.362690,NPP-375,2026-03-27 18:43:00
 -38.673520, -72.316580,NPP-375,2026-03-27 18:43:00
 -38.672870, -72.311980,NPP-375,2026-03-27 18:43:00
 -38.669480, -72.312740,NPP-375,2026-03-27 18:43:00
 -38.665440, -72.308910,NPP-375,2026-03-27 18:43:00
 -38.662690, -72.314280,NPP-375,2026-03-27 18:43:00
 -38.659290, -72.315060,NPP-375,2026-03-27 18:43:00
 -38.658650, -72.310440,NPP-375,2026-03-27 18:43:00
 -38.519000, -72.331260,NPP-375,2026-03-27 18:43:00
 -38.505020, -72.328030,NPP-375,2026-03-27 18:43:00
 -38.496900, -72.419880,NPP-375,2026-03-27 18:43:00
 -38.489460, -72.416800,NPP-375,2026-03-27 18:43:00
 -38.488820, -72.412200,NPP-375,2026-03-27 18:43:00
 -38.487530, -72.403020,NPP-375,2026-03-27 18:43:00
 -38.485420, -72.412960,NPP-375,2026-03-27 18:43:00
 -38.481380, -72.409130,NPP-375,2026-03-27 18:43:00
 -38.477980, -72.409880,NPP-375,2026-03-27 18:43:00
 -38.474590, -72.410640,NPP-375,2026-03-27 18:43:00
 -38.471830, -72.416020,NPP-375,2026-03-27 18:43:00
 -38.471190, -72.411420,NPP-375,2026-03-27 18:43:00
 -38.470550, -72.406810,NPP-375,2026-03-27 18:43:00
 -38.464400, -72.412980,NPP-375,2026-03-27 18:43:00
 -38.432750, -72.386890,NPP-375,2026-03-27 18:43:00
 -38.431910, -72.406020,NPP-375,2026-03-27 18:43:00
 -38.429360, -72.387650,NPP-375,2026-03-27 18:43:00
 -38.428520, -72.406810,NPP-375,2026-03-27 18:43:00
 -38.416590, -72.296050,NPP-375,2026-03-27 18:43:00
 -38.399600, -72.293770,NPP-375,2026-03-27 18:43:00
 -38.399010, -72.295300,NPP-375,2026-03-27 18:43:00
 -38.398960, -72.289210,NPP-375,2026-03-27 18:43:00
 -38.398800, -72.312830,NPP-375,2026-03-27 18:43:00
 -38.398370, -72.290730,NPP-375,2026-03-27 18:43:00
 -38.398000, -72.331890,NPP-375,2026-03-27 18:43:00
 -38.392670, -72.318930,NPP-375,2026-03-27 18:43:00
 -38.385890, -72.320470,NPP-375,2026-03-27 18:43:00
 -38.383630, -72.354000,NPP-375,2026-03-27 18:43:00
 -38.370530, -72.385330,NPP-375,2026-03-27 18:43:00
 -38.369890, -72.380730,NPP-375,2026-03-27 18:43:00
 -38.365860, -72.376920,NPP-375,2026-03-27 18:43:00
 -38.335440, -72.284800,NPP-375,2026-03-27 18:43:00
 -38.299770, -72.351650,NPP-375,2026-03-27 18:43:00
 -38.299070, -72.349550,NPP-375,2026-03-27 18:43:00
 -38.296380, -72.352420,NPP-375,2026-03-27 18:43:00
 -38.199900, -72.238040,NPP-375,2026-03-27 18:43:00
 -38.196520, -72.238800,NPP-375,2026-03-27 18:43:00
 -38.195880, -72.234260,NPP-375,2026-03-27 18:43:00
 -38.194880, -72.276700,NPP-375,2026-03-27 18:43:00
 -39.036950, -72.225190,NPP-375,2026-03-27 18:43:00
 -39.036160, -72.226800,NPP-375,2026-03-27 18:43:00
 -39.033550, -72.225970,NPP-375,2026-03-27 18:43:00
 -39.015280, -72.220570,NPP-375,2026-03-27 18:43:00
 -39.014630, -72.215950,NPP-375,2026-03-27 18:43:00
 -39.011240, -72.216730,NPP-375,2026-03-27 18:43:00
 -39.010590, -72.212100,NPP-375,2026-03-27 18:43:00
 -39.008490, -72.222150,NPP-375,2026-03-27 18:43:00
 -39.007840, -72.217510,NPP-375,2026-03-27 18:43:00
 -38.951480, -72.139940,NPP-375,2026-03-27 18:43:00
 -38.950830, -72.135340,NPP-375,2026-03-27 18:43:00
 -38.947440, -72.136090,NPP-375,2026-03-27 18:43:00
 -38.946800, -72.131490,NPP-375,2026-03-27 18:43:00
 -38.944700, -72.141460,NPP-375,2026-03-27 18:43:00
 -38.944050, -72.136860,NPP-375,2026-03-27 18:43:00
 -38.915180, -72.227390,NPP-375,2026-03-27 18:43:00
 -38.767410, -72.240580,NPP-375,2026-03-27 18:43:00
 -38.766760, -72.235960,NPP-375,2026-03-27 18:43:00
 -38.764020, -72.241360,NPP-375,2026-03-27 18:43:00
 -38.763370, -72.236750,NPP-375,2026-03-27 18:43:00
 -38.654830, -72.183370,NPP-375,2026-03-27 18:43:00
 -38.654180, -72.178790,NPP-375,2026-03-27 18:43:00
 -38.617420, -72.215580,NPP-375,2026-03-27 18:43:00
 -38.614670, -72.220930,NPP-375,2026-03-27 18:43:00
 -38.614030, -72.216350,NPP-375,2026-03-27 18:43:00
 -38.492590, -72.167290,NPP-375,2026-03-27 18:43:00
 -38.484780, -71.915820,NPP-375,2026-03-27 18:43:00
 -38.484140, -71.911350,NPP-375,2026-03-27 18:43:00
 -38.482420, -72.267030,NPP-375,2026-03-27 18:43:00
 -38.479680, -72.272350,NPP-375,2026-03-27 18:43:00
 -38.479030, -72.267780,NPP-375,2026-03-27 18:43:00
 -38.478380, -72.263210,NPP-375,2026-03-27 18:43:00
 -38.475640, -72.268550,NPP-375,2026-03-27 18:43:00
 -38.440290, -72.093140,NPP-375,2026-03-27 18:43:00
 -38.438340, -72.079500,NPP-375,2026-03-27 18:43:00
 -38.434330, -72.075760,NPP-375,2026-03-27 18:43:00
 -38.431100, -72.053160,NPP-375,2026-03-27 18:43:00
 -38.430960, -72.076570,NPP-375,2026-03-27 18:43:00
 -38.430840, -72.198600,NPP-375,2026-03-27 18:43:00
 -38.426490, -72.143280,NPP-375,2026-03-27 18:43:00
 -38.425850, -72.138730,NPP-375,2026-03-27 18:43:00
 -38.425210, -72.134180,NPP-375,2026-03-27 18:43:00
 -38.424220, -72.078170,NPP-375,2026-03-27 18:43:00
 -38.419740, -72.144860,NPP-375,2026-03-27 18:43:00
 -38.398760, -72.243580,NPP-375,2026-03-27 18:43:00
 -38.398300, -72.215420,NPP-375,2026-03-27 18:43:00
 -38.395560, -72.220760,NPP-375,2026-03-27 18:43:00
 -38.313210, -72.078750,NPP-375,2026-03-27 18:43:00
 -38.312560, -72.074210,NPP-375,2026-03-27 18:43:00
 -38.298440, -72.072830,NPP-375,2026-03-27 18:43:00
 -38.199260, -72.233500,NPP-375,2026-03-27 18:43:00
 -38.198620, -72.228960,NPP-375,2026-03-27 18:43:00
 -38.840600, -72.694330,NPP-375,2026-03-27 18:43:00
 -38.792740, -73.033920,NPP-375,2026-03-27 18:43:00
 -38.791840, -72.777890,NPP-375,2026-03-27 18:43:00
 -38.756600, -72.870570,NPP-375,2026-03-27 18:43:00
 -38.753160, -72.871320,NPP-375,2026-03-27 18:43:00
 -38.742830, -73.113720,NPP-375,2026-03-27 18:43:00
 -38.724820, -72.950760,NPP-375,2026-03-27 18:43:00
 -38.724180, -72.946000,NPP-375,2026-03-27 18:43:00
 -38.722630, -72.961010,NPP-375,2026-03-27 18:43:00
 -38.721370, -72.951520,NPP-375,2026-03-27 18:43:00
 -38.720730, -72.946750,NPP-375,2026-03-27 18:43:00
 -38.714570, -72.536570,NPP-375,2026-03-27 18:43:00
 -38.711170, -72.537350,NPP-375,2026-03-27 18:43:00
 -38.710530, -72.532690,NPP-375,2026-03-27 18:43:00
 -38.709880, -72.528030,NPP-375,2026-03-27 18:43:00
 -38.707110, -72.533460,NPP-375,2026-03-27 18:43:00
 -38.706470, -72.528800,NPP-375,2026-03-27 18:43:00
 -38.700490, -72.510960,NPP-375,2026-03-27 18:43:00
 -38.697090, -72.511740,NPP-375,2026-03-27 18:43:00
 -38.695500, -72.680150,NPP-375,2026-03-27 18:43:00
 -38.694860, -72.675470,NPP-375,2026-03-27 18:43:00
 -38.692070, -72.680890,NPP-375,2026-03-27 18:43:00
 -38.675350, -72.507000,NPP-375,2026-03-27 18:43:00
 -38.672580, -72.512370,NPP-375,2026-03-27 18:43:00
 -38.621770, -72.956250,NPP-375,2026-03-27 18:43:00
 -38.545560, -72.472390,NPP-375,2026-03-27 18:43:00
 -38.545340, -72.496320,NPP-375,2026-03-27 18:43:00
 -38.544700, -72.491680,NPP-375,2026-03-27 18:43:00
 -38.544060, -72.487050,NPP-375,2026-03-27 18:43:00
 -38.542790, -72.477790,NPP-375,2026-03-27 18:43:00
 -38.541930, -72.497080,NPP-375,2026-03-27 18:43:00
 -38.481880, -72.589930,NPP-375,2026-03-27 18:43:00
 -38.481250, -72.585310,NPP-375,2026-03-27 18:43:00
 -38.479960, -72.499700,NPP-375,2026-03-27 18:43:00
 -38.474220, -72.534350,NPP-375,2026-03-27 18:43:00
 -38.465270, -72.469690,NPP-375,2026-03-27 18:43:00
 -38.461530, -72.736640,NPP-375,2026-03-27 18:43:00
 -38.459930, -72.738550,NPP-375,2026-03-27 18:43:00
 -38.453620, -72.704850,NPP-375,2026-03-27 18:43:00
 -38.453400, -72.728830,NPP-375,2026-03-27 18:43:00
 -38.452970, -72.700180,NPP-375,2026-03-27 18:43:00
 -38.452320, -72.695510,NPP-375,2026-03-27 18:43:00
 -38.432820, -72.810170,NPP-375,2026-03-27 18:43:00
 -38.432180, -72.805500,NPP-375,2026-03-27 18:43:00
 -38.431050, -72.501210,NPP-375,2026-03-27 18:43:00
 -38.430620, -72.514130,NPP-375,2026-03-27 18:43:00
 -38.428920, -72.511220,NPP-375,2026-03-27 18:43:00
 -38.428750, -72.806240,NPP-375,2026-03-27 18:43:00
 -38.428590, -72.753450,NPP-375,2026-03-27 18:43:00
 -38.426210, -72.557960,NPP-375,2026-03-27 18:43:00
 -38.425810, -72.758880,NPP-375,2026-03-27 18:43:00
 -38.417190, -72.493370,NPP-375,2026-03-27 18:43:00
 -38.416370, -72.512600,NPP-375,2026-03-27 18:43:00
 -38.415730, -72.507980,NPP-375,2026-03-27 18:43:00
 -38.411490, -72.527940,NPP-375,2026-03-27 18:43:00
 -38.404270, -72.653390,NPP-375,2026-03-27 18:43:00
 -38.401500, -72.658770,NPP-375,2026-03-27 18:43:00
 -38.398530, -72.611720,NPP-375,2026-03-27 18:43:00
 -38.391920, -72.589310,NPP-375,2026-03-27 18:43:00
 -38.391450, -72.484820,NPP-375,2026-03-27 18:43:00
 -38.388050, -72.485570,NPP-375,2026-03-27 18:43:00
 -38.382970, -72.600810,NPP-375,2026-03-27 18:43:00
 -38.381890, -72.491700,NPP-375,2026-03-27 18:43:00
 -38.377430, -72.611570,NPP-375,2026-03-27 18:43:00
 -38.376790, -72.606940,NPP-375,2026-03-27 18:43:00
 -38.359340, -72.582260,NPP-375,2026-03-27 18:43:00
 -38.356810, -72.487850,NPP-375,2026-03-27 18:43:00
 -38.353410, -72.488600,NPP-375,2026-03-27 18:43:00
 -38.352780, -72.484000,NPP-375,2026-03-27 18:43:00
 -38.342790, -72.462550,NPP-375,2026-03-27 18:43:00
 -38.339390, -72.463320,NPP-375,2026-03-27 18:43:00
 -38.316370, -72.494360,NPP-375,2026-03-27 18:43:00
 -38.316070, -72.694210,NPP-375,2026-03-27 18:43:00
 -38.313710, -72.454880,NPP-375,2026-03-27 18:43:00
 -38.311220, -72.457650,NPP-375,2026-03-27 18:43:00
 -38.310570, -72.453070,NPP-375,2026-03-27 18:43:00
 -38.301130, -72.687880,NPP-375,2026-03-27 18:43:00
 -38.250290, -72.447710,NPP-375,2026-03-27 18:43:00
 -38.202160, -72.698760,NPP-375,2026-03-27 18:43:00
 -38.185050, -72.475090,NPP-375,2026-03-27 18:43:00
 -38.169740, -72.440810,NPP-375,2026-03-27 18:43:00
 -38.147060, -72.758590,NPP-375,2026-03-27 18:43:00
 -38.206380, -72.433980,NPP-375,2026-03-27 18:43:00
 -38.206210, -72.702660,NPP-375,2026-03-27 18:43:00
 -38.205570, -72.698010,NPP-375,2026-03-27 18:43:00
 -38.203280, -72.237270,NPP-375,2026-03-27 18:43:00
 -38.202640, -72.232730,NPP-375,2026-03-27 18:43:00
 -38.195520, -72.281260,NPP-375,2026-03-27 18:43:00
 -38.195240, -72.229720,NPP-375,2026-03-27 18:43:00
 -38.173140, -72.440060,NPP-375,2026-03-27 18:43:00
 -38.147690, -72.763190,NPP-375,2026-03-27 18:43:00
 -39.358760, -72.598060,NPP-375,2026-03-27 18:41:00
 -39.295800, -72.536130,NPP-375,2026-03-27 18:43:00
 -39.175170, -72.547070,NPP-375,2026-03-27 18:43:00
 -39.174880, -72.493680,NPP-375,2026-03-27 18:43:00
 -39.174230, -72.488950,NPP-375,2026-03-27 18:43:00
 -39.172400, -72.552570,NPP-375,2026-03-27 18:43:00
 -39.171760, -72.547870,NPP-375,2026-03-27 18:43:00
 -39.171110, -72.543150,NPP-375,2026-03-27 18:43:00
 -39.168980, -72.553360,NPP-375,2026-03-27 18:43:00
 -39.168330, -72.548640,NPP-375,2026-03-27 18:43:00
 -39.167730, -72.621760,NPP-375,2026-03-27 18:43:00
 -39.167090, -72.617040,NPP-375,2026-03-27 18:43:00
 -39.164300, -72.622540,NPP-375,2026-03-27 18:43:00
 -39.163520, -72.462340,NPP-375,2026-03-27 18:43:00
 -39.162970, -72.535260,NPP-375,2026-03-27 18:43:00
 -39.162330, -72.530550,NPP-375,2026-03-27 18:43:00
 -39.161400, -72.472490,NPP-375,2026-03-27 18:43:00
 -39.160750, -72.467810,NPP-375,2026-03-27 18:43:00
 -39.160110, -72.463120,NPP-375,2026-03-27 18:43:00
 -39.157980, -72.473290,NPP-375,2026-03-27 18:43:00
 -39.119340, -72.525600,NPP-375,2026-03-27 18:43:00
 -39.115920, -72.526380,NPP-375,2026-03-27 18:43:00
 -39.115280, -72.521680,NPP-375,2026-03-27 18:43:00
 -39.111870, -72.522460,NPP-375,2026-03-27 18:43:00
 -39.108660, -72.498940,NPP-375,2026-03-27 18:43:00
 -39.105880, -72.504420,NPP-375,2026-03-27 18:43:00
 -39.103500, -73.212520,NPP-375,2026-03-27 18:43:00
 -39.069610, -72.444900,NPP-375,2026-03-27 18:43:00
 -39.067460, -72.443820,NPP-375,2026-03-27 18:43:00
 -39.066200, -72.445660,NPP-375,2026-03-27 18:43:00
 -39.056630, -72.830670,NPP-375,2026-03-27 18:43:00
 -39.055930, -72.958890,NPP-375,2026-03-27 18:43:00
 -39.055290, -72.954090,NPP-375,2026-03-27 18:43:00
 -39.052480, -72.959650,NPP-375,2026-03-27 18:43:00
 -39.005550, -72.962880,NPP-375,2026-03-27 18:43:00
 -39.002090, -72.963620,NPP-375,2026-03-27 18:43:00
 -38.993910, -72.446110,NPP-375,2026-03-27 18:43:00
 -38.971630, -72.975220,NPP-375,2026-03-27 18:43:00
 -38.967330, -72.551530,NPP-375,2026-03-27 18:43:00
 -38.963910, -72.552290,NPP-375,2026-03-27 18:43:00
 -38.963260, -72.547590,NPP-375,2026-03-27 18:43:00
 -38.962620, -72.542900,NPP-375,2026-03-27 18:43:00
 -38.960490, -72.553050,NPP-375,2026-03-27 18:43:00
 -38.959850, -72.548360,NPP-375,2026-03-27 18:43:00
 -38.959200, -72.543660,NPP-375,2026-03-27 18:43:00
 -38.957080, -72.553820,NPP-375,2026-03-27 18:43:00
 -38.956430, -72.549130,NPP-375,2026-03-27 18:43:00
 -38.947690, -72.691610,NPP-375,2026-03-27 18:43:00
 -38.944900, -72.697090,NPP-375,2026-03-27 18:43:00
 -38.944260, -72.692380,NPP-375,2026-03-27 18:43:00
 -38.932580, -72.895150,NPP-375,2026-03-27 18:43:00
 -38.931010, -72.569330,NPP-375,2026-03-27 18:43:00
 -38.930670, -72.880850,NPP-375,2026-03-27 18:43:00
 -38.925460, -72.580270,NPP-375,2026-03-27 18:43:00
 -38.914950, -72.452470,NPP-375,2026-03-27 18:43:00
 -38.914310, -72.447800,NPP-375,2026-03-27 18:43:00
 -38.911540, -72.453230,NPP-375,2026-03-27 18:43:00
 -38.910900, -72.448560,NPP-375,2026-03-27 18:43:00
 -38.910250, -72.443890,NPP-375,2026-03-27 18:43:00
 -38.909610, -72.439240,NPP-375,2026-03-27 18:43:00
 -38.905150, -72.830830,NPP-375,2026-03-27 18:43:00
 -38.548740, -72.495540,NPP-375,2026-03-27 18:43:00
 -38.548100, -72.490890,NPP-375,2026-03-27 18:43:00
 -38.547460, -72.486240,NPP-375,2026-03-27 18:43:00
 -38.546190, -72.477010,NPP-375,2026-03-27 18:43:00
 -38.543430, -72.482420,NPP-375,2026-03-27 18:43:00
 -38.541290, -72.492450,NPP-375,2026-03-27 18:43:00
 -38.537910, -72.563040,NPP-375,2026-03-27 18:43:00
 -38.537270, -72.558400,NPP-375,2026-03-27 18:43:00
 -38.534500, -72.563800,NPP-375,2026-03-27 18:43:00
 -38.533860, -72.559170,NPP-375,2026-03-27 18:43:00
 -38.529810, -72.555310,NPP-375,2026-03-27 18:43:00
 -38.521320, -72.297590,NPP-375,2026-03-27 18:43:00
 -38.509050, -72.331860,NPP-375,2026-03-27 18:43:00
 -38.508410, -72.327270,NPP-375,2026-03-27 18:43:00
 -38.504370, -72.323460,NPP-375,2026-03-27 18:43:00
 -38.501620, -72.328800,NPP-375,2026-03-27 18:43:00
 -38.500980, -72.324220,NPP-375,2026-03-27 18:43:00
 -38.492610, -72.068560,NPP-375,2026-03-27 18:43:00
 -38.491580, -72.406860,NPP-375,2026-03-27 18:43:00
 -38.490930, -72.402280,NPP-375,2026-03-27 18:43:00
 -38.488170, -72.407620,NPP-375,2026-03-27 18:43:00
 -38.488140, -71.915000,NPP-375,2026-03-27 18:43:00
 -38.487500, -71.910510,NPP-375,2026-03-27 18:43:00
 -38.483360, -72.498950,NPP-375,2026-03-27 18:43:00
 -38.474990, -72.263990,NPP-375,2026-03-27 18:43:00
 -38.470260, -72.156710,NPP-375,2026-03-27 18:43:00
 -38.469080, -72.421390,NPP-375,2026-03-27 18:43:00
 -38.468040, -72.464320,NPP-375,2026-03-27 18:43:00
 -38.467800, -72.412190,NPP-375,2026-03-27 18:43:00
 -38.465040, -72.417560,NPP-375,2026-03-27 18:43:00
 -38.464630, -72.465070,NPP-375,2026-03-27 18:43:00
 -38.463760, -72.408370,NPP-375,2026-03-27 18:43:00
 -38.461880, -72.470440,NPP-375,2026-03-27 18:43:00
 -38.461230, -72.465840,NPP-375,2026-03-27 18:43:00
 -38.454880, -72.701310,NPP-375,2026-03-27 18:43:00
 -38.452760, -72.724170,NPP-375,2026-03-27 18:43:00
 -38.449980, -72.729580,NPP-375,2026-03-27 18:43:00
 -38.449340, -72.724910,NPP-375,2026-03-27 18:43:00
 -38.443660, -72.092360,NPP-375,2026-03-27 18:43:00
 -38.438990, -72.084050,NPP-375,2026-03-27 18:43:00
 -38.434970, -72.080290,NPP-375,2026-03-27 18:43:00
 -38.433820, -72.047830,NPP-375,2026-03-27 18:43:00
 -38.433390, -72.391460,NPP-375,2026-03-27 18:43:00
 -38.432550, -72.410630,NPP-375,2026-03-27 18:43:00
 -38.431600, -72.081090,NPP-375,2026-03-27 18:43:00
 -38.430450, -72.048640,NPP-375,2026-03-27 18:43:00
 -38.430260, -72.561810,NPP-375,2026-03-27 18:43:00
 -38.429610, -72.557180,NPP-375,2026-03-27 18:43:00
 -38.429330, -72.504910,NPP-375,2026-03-27 18:43:00
 -38.429230, -72.758100,NPP-375,2026-03-27 18:43:00
 -38.429150, -72.411410,NPP-375,2026-03-27 18:43:00
 -38.428950, -72.435170,NPP-375,2026-03-27 18:43:00
 -38.428290, -72.506610,NPP-375,2026-03-27 18:43:00
 -38.428230, -72.081890,NPP-375,2026-03-27 18:43:00
 -38.426850, -72.562600,NPP-375,2026-03-27 18:43:00
 -38.425550, -72.435950,NPP-375,2026-03-27 18:43:00
 -38.423570, -72.073650,NPP-375,2026-03-27 18:43:00
 -38.422390, -72.759670,NPP-375,2026-03-27 18:43:00
 -38.420200, -72.074430,NPP-375,2026-03-27 18:43:00
 -38.414440, -72.498740,NPP-375,2026-03-27 18:43:00
 -38.413200, -72.296810,NPP-375,2026-03-27 18:43:00
 -38.399450, -72.317390,NPP-375,2026-03-27 18:43:00
 -38.397890, -72.607090,NPP-375,2026-03-27 18:43:00
 -38.396060, -72.318170,NPP-375,2026-03-27 18:43:00
 -38.395370, -72.244330,NPP-375,2026-03-27 18:43:00
 -38.390610, -72.503980,NPP-375,2026-03-27 18:43:00
 -38.387210, -72.504740,NPP-375,2026-03-27 18:43:00
 -38.379020, -72.725890,NPP-375,2026-03-27 18:43:00
 -38.373380, -72.607700,NPP-375,2026-03-27 18:43:00
 -38.370170, -72.432740,NPP-375,2026-03-27 18:43:00
 -38.369440, -72.253520,NPP-375,2026-03-27 18:43:00
 -38.369240, -72.376140,NPP-375,2026-03-27 18:43:00
 -38.366500, -72.381510,NPP-375,2026-03-27 18:43:00
 -38.359530, -72.406750,NPP-375,2026-03-27 18:43:00
 -38.358700, -72.577660,NPP-375,2026-03-27 18:43:00
 -38.356140, -72.407520,NPP-375,2026-03-27 18:43:00
 -38.350010, -72.489360,NPP-375,2026-03-27 18:43:00
 -38.343430, -72.467160,NPP-375,2026-03-27 18:43:00
 -38.340030, -72.467910,NPP-375,2026-03-27 18:43:00
 -38.329620, -72.418200,NPP-375,2026-03-27 18:43:00
 -38.322410, -71.997220,NPP-375,2026-03-27 18:43:00
 -38.307820, -72.458430,NPP-375,2026-03-27 18:43:00
 -38.301800, -72.072040,NPP-375,2026-03-27 18:43:00
 -38.266650, -72.094180,NPP-375,2026-03-27 18:43:00
 -40.268210, -73.104940,NPP-375,2026-03-27 18:41:00
 -40.092590, -72.797440,NPP-375,2026-03-27 18:41:00
 -39.833170, -72.928720,NPP-375,2026-03-27 18:41:00
 -39.829720, -72.929640,NPP-375,2026-03-27 18:41:00
 -39.826260, -72.930550,NPP-375,2026-03-27 18:41:00
 -39.605650, -73.024640,NPP-375,2026-03-27 18:41:00
 -39.605010, -73.019730,NPP-375,2026-03-27 18:41:00
 -39.604370, -73.014820,NPP-375,2026-03-27 18:41:00
 -39.601530, -73.020480,NPP-375,2026-03-27 18:41:00
 -39.600890, -73.015580,NPP-375,2026-03-27 18:41:00
   7.990010, -68.277350,NPP-375,2026-03-27 18:56:00
   6.635450, -68.004590,NPP-375,2026-03-27 18:56:00
   6.634520, -68.011940,NPP-375,2026-03-27 18:56:00
 -16.645330, -72.706610,NPP-375,2026-03-27 18:49:00
   9.738860, -68.492200,NPP-375,2026-03-27 18:56:00
   9.738510, -68.494650,NPP-375,2026-03-27 18:56:00
   9.725170, -68.738040,NPP-375,2026-03-27 18:56:00
   9.724050, -68.734920,NPP-375,2026-03-27 18:56:00
   9.684690, -68.696380,NPP-375,2026-03-27 18:56:00
   9.679120, -68.691670,NPP-375,2026-03-27 18:56:00
   9.678370, -68.698330,NPP-375,2026-03-27 18:56:00
   9.677410, -68.695800,NPP-375,2026-03-27 18:56:00
   9.661190, -68.520900,NPP-375,2026-03-27 18:56:00
   9.633200, -68.570580,NPP-375,2026-03-27 18:56:00
   9.632190, -68.568570,NPP-375,2026-03-27 18:56:00
   9.584650, -68.955860,NPP-375,2026-03-27 18:56:00
   9.580920, -68.957610,NPP-375,2026-03-27 18:56:00
   9.567620, -69.093790,NPP-375,2026-03-27 18:56:00
   9.564790, -69.095790,NPP-375,2026-03-27 18:56:00
   9.509500, -68.919010,NPP-375,2026-03-27 18:56:00
   9.415740, -68.769430,NPP-375,2026-03-27 18:56:00
   9.995210, -68.797090,NPP-375,2026-03-27 18:56:00
   9.968460, -68.819310,NPP-375,2026-03-27 18:56:00
   9.826000, -68.958860,NPP-375,2026-03-27 18:56:00
   9.825220, -68.965500,NPP-375,2026-03-27 18:56:00
   9.798470, -68.494710,NPP-375,2026-03-27 18:56:00
  10.459080, -68.900720,NPP-375,2026-03-27 18:56:00
  10.363640, -68.970790,NPP-375,2026-03-27 18:56:00
  10.360840, -68.970870,NPP-375,2026-03-27 18:56:00
  10.313340, -68.923940,NPP-375,2026-03-27 18:56:00
  10.307990, -68.923050,NPP-375,2026-03-27 18:56:00
  10.090340, -68.743720,NPP-375,2026-03-27 18:56:00
  10.089030, -68.747290,NPP-375,2026-03-27 18:56:00
  10.000580, -68.795450,NPP-375,2026-03-27 18:56:00
   9.565590, -69.088900,NPP-375,2026-03-27 18:56:00
   9.401520, -68.564640,NPP-375,2026-03-27 18:56:00
   9.073820, -68.635340,NPP-375,2026-03-27 18:56:00
   8.968970, -69.297450,NPP-375,2026-03-27 18:56:00
   8.883220, -68.480030,NPP-375,2026-03-27 18:56:00
   8.854100, -68.285610,NPP-375,2026-03-27 18:56:00
   7.994990, -68.343010,NPP-375,2026-03-27 18:56:00
   7.869280, -68.467000,NPP-375,2026-03-27 18:56:00
   7.867660, -68.463520,NPP-375,2026-03-27 18:56:00
   8.981760, -68.657620,NPP-375,2026-03-27 18:56:00
   8.978910, -68.659900,NPP-375,2026-03-27 18:56:00
   8.325800, -68.273660,NPP-375,2026-03-27 18:56:00
   7.990100, -68.336670,NPP-375,2026-03-27 18:56:00
   7.989210, -68.343950,NPP-375,2026-03-27 18:56:00
   7.568980, -68.649370,NPP-375,2026-03-27 18:56:00
   7.517690, -68.568320,NPP-375,2026-03-27 18:56:00
   7.014340, -69.820530,NPP-375,2026-03-27 18:56:00
   7.009560, -69.821010,NPP-375,2026-03-27 18:56:00
   7.008820, -69.826550,NPP-375,2026-03-27 18:56:00
   7.003720, -69.814620,NPP-375,2026-03-27 18:56:00
   6.539400, -68.814250,NPP-375,2026-03-27 18:56:00
   6.534180, -68.809810,NPP-375,2026-03-27 18:56:00
   6.533310, -68.816220,NPP-375,2026-03-27 18:56:00
   6.493220, -68.746060,NPP-375,2026-03-27 18:56:00
   6.418690, -68.780390,NPP-375,2026-03-27 18:56:00
   6.418680, -68.775910,NPP-375,2026-03-27 18:56:00
   7.856320, -69.400520,NPP-375,2026-03-27 18:56:00
   7.568860, -68.593730,NPP-375,2026-03-27 18:56:00
   7.520760, -68.573980,NPP-375,2026-03-27 18:56:00
   7.480720, -69.118600,NPP-375,2026-03-27 18:56:00
   7.027290, -69.771050,NPP-375,2026-03-27 18:56:00
   7.023570, -69.766020,NPP-375,2026-03-27 18:56:00
   7.013640, -69.826080,NPP-375,2026-03-27 18:56:00
   7.012930, -69.831630,NPP-375,2026-03-27 18:56:00
   7.010300, -69.815440,NPP-375,2026-03-27 18:56:00
   7.008080, -69.832120,NPP-375,2026-03-27 18:56:00
   6.540230, -68.807780,NPP-375,2026-03-27 18:56:00
   6.532450, -68.822620,NPP-375,2026-03-27 18:56:00
   6.505460, -68.760500,NPP-375,2026-03-27 18:56:00
   6.500190, -68.746860,NPP-375,2026-03-27 18:56:00
   6.499330, -68.753390,NPP-375,2026-03-27 18:56:00
   6.417820, -68.786850,NPP-375,2026-03-27 18:56:00
   6.406520, -68.765830,NPP-375,2026-03-27 18:56:00
   6.405660, -68.772310,NPP-375,2026-03-27 18:56:00
   6.417860, -68.782340,NPP-375,2026-03-27 18:56:00
   6.412610, -68.773120,NPP-375,2026-03-27 18:56:00
   6.411730, -68.775050,NPP-375,2026-03-27 18:56:00
 -15.330590, -74.343440,NPP-375,2026-03-27 18:49:00
  10.809900, -69.363400,NPP-375,2026-03-27 18:56:00
   9.500730, -69.698240,NPP-375,2026-03-27 18:56:00
   9.729280, -70.637850,NPP-375,2026-03-27 18:56:00
   9.722670, -70.638280,NPP-375,2026-03-27 18:56:00
   9.721990, -70.643880,NPP-375,2026-03-27 18:56:00
   9.694390, -70.653950,NPP-375,2026-03-27 18:56:00
   9.693930, -70.657530,NPP-375,2026-03-27 18:56:00
   9.526530, -69.713850,NPP-375,2026-03-27 18:56:00
   9.499690, -69.694800,NPP-375,2026-03-27 18:56:00
   9.916490, -70.881560,NPP-375,2026-03-27 18:56:00
   9.915920, -70.886210,NPP-375,2026-03-27 18:56:00
   9.910100, -70.880740,NPP-375,2026-03-27 18:56:00
   9.909530, -70.885440,NPP-375,2026-03-27 18:56:00
   9.855260, -70.851460,NPP-375,2026-03-27 18:56:00
   9.854720, -70.847250,NPP-375,2026-03-27 18:56:00
   9.789780, -70.953900,NPP-375,2026-03-27 18:56:00
  10.733940, -69.469020,NPP-375,2026-03-27 18:56:00
  10.733110, -69.476630,NPP-375,2026-03-27 18:56:00
  10.728910, -69.466710,NPP-375,2026-03-27 18:56:00
  10.727990, -69.474620,NPP-375,2026-03-27 18:56:00
  10.726950, -69.468040,NPP-375,2026-03-27 18:56:00
  10.726390, -69.302680,NPP-375,2026-03-27 18:56:00
  10.672690, -69.298810,NPP-375,2026-03-27 18:56:00
  10.658830, -69.329940,NPP-375,2026-03-27 18:56:00
  10.657960, -69.337760,NPP-375,2026-03-27 18:56:00
  10.643320, -69.304670,NPP-375,2026-03-27 18:56:00
  10.640390, -69.302250,NPP-375,2026-03-27 18:56:00
  10.425000, -69.320560,NPP-375,2026-03-27 18:56:00
   9.126240, -69.850560,NPP-375,2026-03-27 18:56:00
   9.089290, -69.965960,NPP-375,2026-03-27 18:56:00
   8.778120, -70.141490,NPP-375,2026-03-27 18:56:00
   8.777330, -70.147720,NPP-375,2026-03-27 18:56:00
   8.686150, -69.771330,NPP-375,2026-03-27 18:56:00
   8.662500, -70.327150,NPP-375,2026-03-27 18:56:00
   8.661880, -70.331980,NPP-375,2026-03-27 18:56:00
   8.324280, -69.978380,NPP-375,2026-03-27 18:56:00
   9.131280, -69.847820,NPP-375,2026-03-27 18:56:00
   9.083600, -69.957120,NPP-375,2026-03-27 18:56:00
   9.082850, -69.963220,NPP-375,2026-03-27 18:56:00
   8.776670, -70.141110,NPP-375,2026-03-27 18:56:00
   8.661430, -70.330590,NPP-375,2026-03-27 18:56:00
   7.793000, -70.483720,NPP-375,2026-03-27 18:56:00
   7.792360, -70.488850,NPP-375,2026-03-27 18:56:00
   7.791070, -70.487220,NPP-375,2026-03-27 18:56:00
   7.066830, -70.831600,NPP-375,2026-03-27 18:56:00
   6.946100, -71.509280,NPP-375,2026-03-27 18:56:00
   6.389260, -71.233840,NPP-375,2026-03-27 18:56:00
   6.331690, -71.301030,NPP-375,2026-03-27 18:56:00
   5.582040, -71.819090,NPP-375,2026-03-27 18:56:00
   5.024820, -70.867130,NPP-375,2026-03-27 18:56:00
   6.337630, -71.301840,NPP-375,2026-03-27 18:56:00
  10.733010, -71.097500,NPP-375,2026-03-27 18:56:00
  10.560740, -71.855380,NPP-375,2026-03-27 18:56:00
  10.507130, -72.380200,NPP-375,2026-03-27 18:56:00
  10.505590, -72.380770,NPP-375,2026-03-27 18:56:00
  10.416710, -71.207780,NPP-375,2026-03-27 18:56:00
  10.308920, -71.171930,NPP-375,2026-03-27 18:56:00
  10.202980, -71.884160,NPP-375,2026-03-27 18:56:00
  10.202420, -71.888620,NPP-375,2026-03-27 18:56:00
  10.201880, -71.893080,NPP-375,2026-03-27 18:56:00
  10.152490, -71.172840,NPP-375,2026-03-27 18:56:00
  10.149310, -71.169630,NPP-375,2026-03-27 18:56:00
  10.122940, -71.097870,NPP-375,2026-03-27 18:56:00
  10.026050, -70.954450,NPP-375,2026-03-27 18:56:00
  10.025430, -70.959480,NPP-375,2026-03-27 18:56:00
   9.425400, -72.607030,NPP-375,2026-03-27 18:56:00
   9.424070, -72.603620,NPP-375,2026-03-27 18:56:00
   8.505820, -72.558880,NPP-375,2026-03-27 18:56:00
   7.471810, -71.764560,NPP-375,2026-03-27 18:56:00
   7.471250, -71.768710,NPP-375,2026-03-27 18:56:00
   7.470700, -71.772850,NPP-375,2026-03-27 18:56:00
 -13.672790, -76.127330,NPP-375,2026-03-27 18:49:00
 -13.472680, -76.096620,NPP-375,2026-03-27 18:49:00
 -13.472320, -76.096560,NPP-375,2026-03-27 18:49:00
  11.133440, -72.451340,NPP-375,2026-03-27 18:56:00
  11.127330, -72.452450,NPP-375,2026-03-27 18:56:00
  11.096620, -72.459920,NPP-375,2026-03-27 18:56:00
   9.486470, -73.280710,NPP-375,2026-03-27 18:56:00
   9.438290, -73.312260,NPP-375,2026-03-27 18:56:00
   9.424980, -73.374530,NPP-375,2026-03-27 18:56:00
   9.423010, -73.372780,NPP-375,2026-03-27 18:56:00
   9.647630, -74.047160,NPP-375,2026-03-27 18:56:00
   9.647220, -74.050290,NPP-375,2026-03-27 18:56:00
   9.613380, -73.115860,NPP-375,2026-03-27 18:56:00
   9.613000, -73.118800,NPP-375,2026-03-27 18:56:00
   9.473280, -73.676090,NPP-375,2026-03-27 18:56:00
   9.437960, -73.314900,NPP-375,2026-03-27 18:56:00
   9.831560, -73.201070,NPP-375,2026-03-27 18:56:00
   9.820510, -73.200090,NPP-375,2026-03-27 18:56:00
  10.200610, -73.335690,NPP-375,2026-03-27 18:56:00
  10.183790, -73.772770,NPP-375,2026-03-27 18:56:00
  10.178630, -73.770840,NPP-375,2026-03-27 18:56:00
  10.166930, -73.561910,NPP-375,2026-03-27 18:56:00
  10.164930, -73.561420,NPP-375,2026-03-27 18:56:00
  10.163070, -73.679900,NPP-375,2026-03-27 18:56:00
  10.127860, -73.800500,NPP-375,2026-03-27 18:56:00
  10.126310, -73.800650,NPP-375,2026-03-27 18:56:00
  10.063650, -73.839070,NPP-375,2026-03-27 18:56:00
   9.211740, -74.001840,NPP-375,2026-03-27 18:56:00
   9.113460, -73.695730,NPP-375,2026-03-27 18:56:00
   8.922080, -72.844420,NPP-375,2026-03-27 18:56:00
   8.797820, -73.908150,NPP-375,2026-03-27 18:56:00
   8.767570, -72.790980,NPP-375,2026-03-27 18:56:00
   8.416530, -73.882640,NPP-375,2026-03-27 18:56:00
   8.412960, -73.881990,NPP-375,2026-03-27 18:56:00
   9.410230, -73.871630,NPP-375,2026-03-27 18:56:00
   9.398560, -73.879750,NPP-375,2026-03-27 18:56:00
   9.364150, -73.814960,NPP-375,2026-03-27 18:56:00
   9.342080, -73.860810,NPP-375,2026-03-27 18:56:00
   9.212150, -73.998750,NPP-375,2026-03-27 18:56:00
   8.961690, -73.756500,NPP-375,2026-03-27 18:56:00
   8.959130, -73.288410,NPP-375,2026-03-27 18:56:00
   8.766190, -72.788540,NPP-375,2026-03-27 18:56:00
   8.590870, -72.807470,NPP-375,2026-03-27 18:56:00
   8.477050, -73.243350,NPP-375,2026-03-27 18:56:00
   8.418110, -73.882650,NPP-375,2026-03-27 18:56:00
   8.371470, -73.789150,NPP-375,2026-03-27 18:56:00
   8.371050, -73.792240,NPP-375,2026-03-27 18:56:00
  -6.412220, -77.350900,NPP-375,2026-03-27 18:51:00
  -5.998920, -77.026970,NPP-375,2026-03-27 18:51:00
  -7.427860, -76.395870,NPP-375,2026-03-27 18:51:00
  -7.397360, -76.587370,NPP-375,2026-03-27 18:51:00
  -7.356880, -76.541830,NPP-375,2026-03-27 18:51:00
  -7.328340, -76.542420,NPP-375,2026-03-27 18:51:00
  -7.221250, -76.638160,NPP-375,2026-03-27 18:51:00
  -6.747060, -76.625590,NPP-375,2026-03-27 18:51:00
  -6.743560, -76.626170,NPP-375,2026-03-27 18:51:00
  -6.648850, -77.324010,NPP-375,2026-03-27 18:51:00
 -10.683860, -77.579480,NPP-375,2026-03-27 18:49:00
   9.972580, -74.658890,NPP-375,2026-03-27 18:56:00
   9.967580, -74.658280,NPP-375,2026-03-27 18:56:00
   9.961800, -74.127120,NPP-375,2026-03-27 18:56:00
   9.945950, -74.207190,NPP-375,2026-03-27 18:56:00
   9.921600, -75.520520,NPP-375,2026-03-27 18:56:00
   9.872700, -74.409380,NPP-375,2026-03-27 18:56:00
   9.868410, -74.402760,NPP-375,2026-03-27 18:56:00
   9.867640, -74.408650,NPP-375,2026-03-27 18:56:00
   9.855180, -75.432910,NPP-375,2026-03-27 18:56:00
   9.854510, -75.509660,NPP-375,2026-03-27 18:56:00
   9.847060, -75.058130,NPP-375,2026-03-27 18:56:00
   9.842330, -75.420990,NPP-375,2026-03-27 18:56:00
   9.817590, -74.908120,NPP-375,2026-03-27 18:56:00
   9.804450, -74.195680,NPP-375,2026-03-27 18:56:00
  10.735370, -74.079660,NPP-375,2026-03-27 18:56:00
  10.734990, -74.082510,NPP-375,2026-03-27 18:56:00
  10.734610, -74.081470,NPP-375,2026-03-27 18:56:00
  10.726890, -74.312550,NPP-375,2026-03-27 18:56:00
  10.599050, -74.878750,NPP-375,2026-03-27 18:56:00
  10.589620, -75.174440,NPP-375,2026-03-27 18:56:00
  10.558680, -75.294810,NPP-375,2026-03-27 18:56:00
  10.557020, -75.297760,NPP-375,2026-03-27 18:56:00
  10.340180, -74.211310,NPP-375,2026-03-27 18:56:00
  10.334990, -74.210730,NPP-375,2026-03-27 18:56:00
  10.323460, -74.218670,NPP-375,2026-03-27 18:56:00
  10.266550, -75.482870,NPP-375,2026-03-27 18:56:00
  10.187410, -74.450880,NPP-375,2026-03-27 18:56:00
  10.182320, -74.450290,NPP-375,2026-03-27 18:56:00
  10.152880, -74.450900,NPP-375,2026-03-27 18:56:00
  10.151920, -75.392540,NPP-375,2026-03-27 18:56:00
  10.151430, -74.449620,NPP-375,2026-03-27 18:56:00
  10.151260, -75.397650,NPP-375,2026-03-27 18:56:00
  10.151060, -74.452580,NPP-375,2026-03-27 18:56:00
  10.147160, -75.391950,NPP-375,2026-03-27 18:56:00
  10.136430, -74.181010,NPP-375,2026-03-27 18:56:00
  10.005680, -74.367760,NPP-375,2026-03-27 18:56:00
  10.005290, -74.370750,NPP-375,2026-03-27 18:56:00
   9.561560, -74.813130,NPP-375,2026-03-27 18:56:00
   9.532270, -75.088090,NPP-375,2026-03-27 18:56:00
   9.527340, -74.795840,NPP-375,2026-03-27 18:56:00
   9.749770, -75.048420,NPP-375,2026-03-27 18:56:00
   9.746390, -75.049900,NPP-375,2026-03-27 18:56:00
   9.734730, -75.135290,NPP-375,2026-03-27 18:56:00
   9.733930, -75.133290,NPP-375,2026-03-27 18:56:00
   9.727970, -75.439060,NPP-375,2026-03-27 18:56:00
   9.705860, -74.946860,NPP-375,2026-03-27 18:56:00
   9.667450, -75.051070,NPP-375,2026-03-27 18:56:00
   9.646810, -74.660200,NPP-375,2026-03-27 18:56:00
   9.634530, -74.402840,NPP-375,2026-03-27 18:56:00
   9.632440, -75.027410,NPP-375,2026-03-27 18:56:00
   9.611880, -74.997080,NPP-375,2026-03-27 18:56:00
   9.595750, -75.340260,NPP-375,2026-03-27 18:56:00
   9.594280, -75.342520,NPP-375,2026-03-27 18:56:00
   9.586260, -75.376340,NPP-375,2026-03-27 18:56:00
   9.584560, -75.378430,NPP-375,2026-03-27 18:56:00
   9.495110, -74.774810,NPP-375,2026-03-27 18:56:00
   9.379590, -74.681050,NPP-375,2026-03-27 18:56:00
   9.136450, -75.549800,NPP-375,2026-03-27 18:56:00
   9.080170, -75.194490,NPP-375,2026-03-27 18:56:00
   8.471420, -75.380290,NPP-375,2026-03-27 18:56:00
   9.330460, -74.634910,NPP-375,2026-03-27 18:56:00
   9.137560, -75.551410,NPP-375,2026-03-27 18:56:00
   9.086640, -75.330930,NPP-375,2026-03-27 18:56:00
   8.786640, -75.597580,NPP-375,2026-03-27 18:56:00
   9.338870, -74.647400,NPP-375,2026-03-27 18:56:00
   7.884960, -75.816090,NPP-375,2026-03-27 18:56:00
   7.745850, -75.847720,NPP-375,2026-03-27 18:56:00
  -7.785110, -79.294550,NPP-375,2026-03-27 18:51:00
  -7.036110, -78.264780,NPP-375,2026-03-27 18:51:00
  -7.035570, -78.261270,NPP-375,2026-03-27 18:51:00
  -7.032780, -78.265290,NPP-375,2026-03-27 18:51:00
  -7.032240, -78.261790,NPP-375,2026-03-27 18:51:00
  -8.989940, -78.644650,NPP-375,2026-03-27 18:51:00
  -8.986610, -78.645160,NPP-375,2026-03-27 18:51:00
  -8.974450, -78.543130,NPP-375,2026-03-27 18:51:00
  -8.949000, -78.532730,NPP-375,2026-03-27 18:51:00
  -8.749430, -78.507650,NPP-375,2026-03-27 18:51:00
  -8.734870, -78.434760,NPP-375,2026-03-27 18:51:00
  -8.440510, -78.875370,NPP-375,2026-03-27 18:51:00
 -10.792950, -68.971280,NPP-375,2026-03-27 18:49:00
  -8.633900, -69.458980,NPP-375,2026-03-27 18:51:00
   9.902900, -68.294700,GOES-19,2026-03-27 20:50:00
   9.648100, -63.326600,GOES-19,2026-03-27 20:50:00
   9.583400, -61.808500,GOES-19,2026-03-27 20:50:00
   9.583500, -61.789400,GOES-19,2026-03-27 20:50:00
   9.400700, -68.657900,GOES-19,2026-03-27 20:50:00
   9.382100, -68.676800,GOES-19,2026-03-27 20:50:00
   9.382200, -68.658300,GOES-19,2026-03-27 20:50:00
   9.294700, -67.197700,GOES-19,2026-03-27 20:50:00
   9.294800, -67.179100,GOES-19,2026-03-27 20:50:00
   9.238700, -67.329000,GOES-19,2026-03-27 20:50:00
   9.124700, -68.109700,GOES-19,2026-03-27 20:50:00
   9.124800, -68.091200,GOES-19,2026-03-27 20:50:00
   9.087900, -68.036600,GOES-19,2026-03-27 20:50:00
   8.946400, -66.315400,GOES-19,2026-03-27 20:50:00
   8.883000, -68.484500,GOES-19,2026-03-27 20:50:00
   8.850100, -67.264900,GOES-19,2026-03-27 20:50:00
   8.816600, -66.374900,GOES-19,2026-03-27 20:50:00
   8.798100, -66.375400,GOES-19,2026-03-27 20:50:00
   8.798200, -66.356800,GOES-19,2026-03-27 20:50:00
   8.460900, -67.589000,GOES-19,2026-03-27 20:50:00
   8.461000, -67.570500,GOES-19,2026-03-27 20:50:00
   8.363800, -69.194600,GOES-19,2026-03-27 20:50:00
   8.091600, -67.671200,GOES-19,2026-03-27 20:50:00
   7.865700, -69.405200,GOES-19,2026-03-27 20:50:00
   7.865800, -69.386800,GOES-19,2026-03-27 20:50:00
   7.721000, -68.397400,GOES-19,2026-03-27 20:50:00
   7.573100, -68.657500,GOES-19,2026-03-27 20:50:00
   7.463700, -68.328600,GOES-19,2026-03-27 20:50:00
   6.400800, -67.594100,GOES-19,2026-03-27 20:50:00
   5.977300, -68.572900,GOES-19,2026-03-27 20:50:00
   5.959200, -68.463300,GOES-19,2026-03-27 20:50:00
 -28.239400, -56.704800,GOES-19,2026-03-27 20:50:00
 -28.240100, -56.682100,GOES-19,2026-03-27 20:50:00
 -28.261800, -56.700100,GOES-19,2026-03-27 20:50:00
 -28.262400, -56.677400,GOES-19,2026-03-27 20:50:00
 -36.773200, -71.925800,GOES-19,2026-03-27 20:50:00
 -36.875800, -71.874200,GOES-19,2026-03-27 20:50:00
